datetime_beginning_utc,datetime_beginning_ept,fuel_type,total_sum_co2,total_sum_so2,total_sum_nox,percent_co2,percent_so2,percent_nox,full_interval
11/2/2024 4:00:00 AM,11/2/2024 12:00:00 AM,Coal,18861670.247167,17022.284116,9458.817193,36.835654,88.826994,55.584891,True
11/2/2024 4:00:00 AM,11/2/2024 12:00:00 AM,Gas,28288444.663833,244.306195,4142.925750,55.245550,1.274857,24.345970,True
11/2/2024 4:00:00 AM,11/2/2024 12:00:00 AM,Hydro,0.000000,0.000000,0.000000,0.000000,0.000000,0.000000,True
11/2/2024 4:00:00 AM,11/2/2024 12:00:00 AM,Multiple Fuels,2782376.009500,148.695475,1672.560968,5.433805,0.775934,9.828831,True
11/2/2024 4:00:00 AM,11/2/2024 12:00:00 AM,Nuclear,0.000000,0.000000,0.000000,0.000000,0.000000,0.000000,True
11/2/2024 4:00:00 AM,11/2/2024 12:00:00 AM,Oil,377554.571750,621.456333,234.884970,0.737340,3.242931,1.380305,True
11/2/2024 4:00:00 AM,11/2/2024 12:00:00 AM,Other,0.000000,0.000000,0.000000,0.000000,0.000000,0.000000,True
11/2/2024 4:00:00 AM,11/2/2024 12:00:00 AM,Other Renewables,894883.492833,1126.671333,1507.696497,1.747651,5.879283,8.860003,True
11/2/2024 4:00:00 AM,11/2/2024 12:00:00 AM,Solar,0.000000,0.000000,0.000000,0.000000,0.000000,0.000000,True
11/2/2024 4:00:00 AM,11/2/2024 12:00:00 AM,Storage,0.000000,0.000000,0.000000,0.000000,0.000000,0.000000,True
11/2/2024 4:00:00 AM,11/2/2024 12:00:00 AM,Wind,0.000000,0.000000,0.000000,0.000000,0.000000,0.000000,True
11/2/2024 3:00:00 AM,11/1/2024 11:00:00 PM,Coal,20577946.463083,18586.237371,10331.304039,37.331726,89.522059,56.800384,True
11/2/2024 3:00:00 AM,11/1/2024 11:00:00 PM,Gas,30336942.341083,254.555931,4317.757927,55.036125,1.226088,23.738563,True
11/2/2024 3:00:00 AM,11/1/2024 11:00:00 PM,Hydro,0.000000,0.000000,0.000000,0.000000,0.000000,0.000000,True
11/2/2024 3:00:00 AM,11/1/2024 11:00:00 PM,Multiple Fuels,2923275.195167,154.396505,1780.158223,5.303294,0.743663,9.787116,True
11/2/2024 3:00:00 AM,11/1/2024 11:00:00 PM,Nuclear,0.000000,0.000000,0.000000,0.000000,0.000000,0.000000,True
11/2/2024 3:00:00 AM,11/1/2024 11:00:00 PM,Oil,379111.999500,623.337583,237.760670,0.687771,3.002354,1.307182,True
11/2/2024 3:00:00 AM,11/1/2024 11:00:00 PM,Other,0.000000,0.000000,0.000000,0.000000,0.000000,0.000000,True
11/2/2024 3:00:00 AM,11/1/2024 11:00:00 PM,Other Renewables,904596.354833,1143.101117,1521.811623,1.641084,5.505836,8.366755,True
11/2/2024 3:00:00 AM,11/1/2024 11:00:00 PM,Solar,0.000000,0.000000,0.000000,0.000000,0.000000,0.000000,True
11/2/2024 3:00:00 AM,11/1/2024 11:00:00 PM,Storage,0.000000,0.000000,0.000000,0.000000,0.000000,0.000000,True
11/2/2024 3:00:00 AM,11/1/2024 11:00:00 PM,Wind,0.000000,0.000000,0.000000,0.000000,0.000000,0.000000,True
11/2/2024 2:00:00 AM,11/1/2024 10:00:00 PM,Coal,21409192.369750,19408.930279,10755.660449,36.864696,89.860002,55.677076,True
11/2/2024 2:00:00 AM,11/1/2024 10:00:00 PM,Gas,31977640.622750,260.642713,4886.361363,55.062610,1.206731,25.294431,True
11/2/2024 2:00:00 AM,11/1/2024 10:00:00 PM,Hydro,0.000000,0.000000,0.000000,0.000000,0.000000,0.000000,True
11/2/2024 2:00:00 AM,11/1/2024 10:00:00 PM,Multiple Fuels,3222984.224667,157.281913,1868.060833,5.549688,0.728188,9.670086,True
11/2/2024 2:00:00 AM,11/1/2024 10:00:00 PM,Nuclear,0.000000,0.000000,0.000000,0.000000,0.000000,0.000000,True
11/2/2024 2:00:00 AM,11/1/2024 10:00:00 PM,Oil,559803.875583,627.241583,286.542908,0.963932,2.904020,1.483300,True
11/2/2024 2:00:00 AM,11/1/2024 10:00:00 PM,Other,0.000000,0.000000,0.000000,0.000000,0.000000,0.000000,True
11/2/2024 2:00:00 AM,11/1/2024 10:00:00 PM,Other Renewables,905433.443583,1144.979758,1521.307837,1.559075,5.301059,7.875107,True
11/2/2024 2:00:00 AM,11/1/2024 10:00:00 PM,Solar,0.000000,0.000000,0.000000,0.000000,0.000000,0.000000,True
11/2/2024 2:00:00 AM,11/1/2024 10:00:00 PM,Storage,0.000000,0.000000,0.000000,0.000000,0.000000,0.000000,True
11/2/2024 2:00:00 AM,11/1/2024 10:00:00 PM,Wind,0.000000,0.000000,0.000000,0.000000,0.000000,0.000000,True
11/2/2024 1:00:00 AM,11/1/2024 9:00:00 PM,Coal,22205146.317333,20310.441878,10989.079347,36.470255,90.202515,55.164458,True
11/2/2024 1:00:00 AM,11/1/2024 9:00:00 PM,Gas,33673451.089667,270.355588,5185.899483,55.306069,1.200700,26.032875,True
11/2/2024 1:00:00 AM,11/1/2024 9:00:00 PM,Hydro,0.000000,0.000000,0.000000,0.000000,0.000000,0.000000,True
11/2/2024 1:00:00 AM,11/1/2024 9:00:00 PM,Multiple Fuels,3537890.430083,157.806494,1932.990374,5.810715,0.700848,9.703485,True
11/2/2024 1:00:00 AM,11/1/2024 9:00:00 PM,Nuclear,0.000000,0.000000,0.000000,0.000000,0.000000,0.000000,True
11/2/2024 1:00:00 AM,11/1/2024 9:00:00 PM,Oil,559751.038167,623.582546,284.926018,0.919348,2.769448,1.430310,True
11/2/2024 1:00:00 AM,11/1/2024 9:00:00 PM,Other,0.000000,0.000000,0.000000,0.000000,0.000000,0.000000,True
11/2/2024 1:00:00 AM,11/1/2024 9:00:00 PM,Other Renewables,909395.253417,1154.305233,1527.683665,1.493612,5.126488,7.668872,True
11/2/2024 1:00:00 AM,11/1/2024 9:00:00 PM,Solar,0.000000,0.000000,0.000000,0.000000,0.000000,0.000000,True
11/2/2024 1:00:00 AM,11/1/2024 9:00:00 PM,Storage,0.000000,0.000000,0.000000,0.000000,0.000000,0.000000,True
11/2/2024 1:00:00 AM,11/1/2024 9:00:00 PM,Wind,0.000000,0.000000,0.000000,0.000000,0.000000,0.000000,True
11/2/2024 12:00:00 AM,11/1/2024 8:00:00 PM,Coal,22948374.423583,21133.733683,11413.942616,36.524936,90.524390,53.913916,True
11/2/2024 12:00:00 AM,11/1/2024 8:00:00 PM,Gas,34823530.916667,277.205642,5979.707035,55.425593,1.187385,28.245229,True
11/2/2024 12:00:00 AM,11/1/2024 8:00:00 PM,Hydro,0.000000,0.000000,0.000000,0.000000,0.000000,0.000000,True
11/2/2024 12:00:00 AM,11/1/2024 8:00:00 PM,Multiple Fuels,3531477.420500,155.831720,1945.574750,5.620746,0.667491,9.189949,True
11/2/2024 12:00:00 AM,11/1/2024 8:00:00 PM,Nuclear,0.000000,0.000000,0.000000,0.000000,0.000000,0.000000,True
11/2/2024 12:00:00 AM,11/1/2024 8:00:00 PM,Oil,613692.783000,623.571383,309.790157,0.976762,2.671010,1.463298,True
11/2/2024 12:00:00 AM,11/1/2024 8:00:00 PM,Other,0.000000,0.000000,0.000000,0.000000,0.000000,0.000000,True
11/2/2024 12:00:00 AM,11/1/2024 8:00:00 PM,Other Renewables,912258.681583,1155.557700,1521.665223,1.451963,4.949724,7.187607,True
11/2/2024 12:00:00 AM,11/1/2024 8:00:00 PM,Solar,0.000000,0.000000,0.000000,0.000000,0.000000,0.000000,True
11/2/2024 12:00:00 AM,11/1/2024 8:00:00 PM,Storage,0.000000,0.000000,0.000000,0.000000,0.000000,0.000000,True
11/2/2024 12:00:00 AM,11/1/2024 8:00:00 PM,Wind,0.000000,0.000000,0.000000,0.000000,0.000000,0.000000,True
11/1/2024 11:00:00 PM,11/1/2024 7:00:00 PM,Coal,23787117.933167,22086.628611,11840.659229,36.718200,90.987785,53.281729,True
11/1/2024 11:00:00 PM,11/1/2024 7:00:00 PM,Gas,35948972.436167,286.170018,6675.592239,55.491446,1.178902,30.039467,True
11/1/2024 11:00:00 PM,11/1/2024 7:00:00 PM,Hydro,0.000000,0.000000,0.000000,0.000000,0.000000,0.000000,True
11/1/2024 11:00:00 PM,11/1/2024 7:00:00 PM,Multiple Fuels,3566582.212417,158.348097,1970.205918,5.505437,0.652329,8.865721,True
11/1/2024 11:00:00 PM,11/1/2024 7:00:00 PM,Nuclear,0.000000,0.000000,0.000000,0.000000,0.000000,0.000000,True
11/1/2024 11:00:00 PM,11/1/2024 7:00:00 PM,Oil,608342.677500,622.387492,307.302453,0.939048,2.563979,1.382829,True
11/1/2024 11:00:00 PM,11/1/2024 7:00:00 PM,Other,0.000000,0.000000,0.000000,0.000000,0.000000,0.000000,True
11/1/2024 11:00:00 PM,11/1/2024 7:00:00 PM,Other Renewables,871892.746417,1120.744458,1428.978715,1.345868,4.617004,6.430255,True
11/1/2024 11:00:00 PM,11/1/2024 7:00:00 PM,Solar,0.000000,0.000000,0.000000,0.000000,0.000000,0.000000,True
11/1/2024 11:00:00 PM,11/1/2024 7:00:00 PM,Storage,0.000000,0.000000,0.000000,0.000000,0.000000,0.000000,True
11/1/2024 11:00:00 PM,11/1/2024 7:00:00 PM,Wind,0.000000,0.000000,0.000000,0.000000,0.000000,0.000000,True
11/1/2024 10:00:00 PM,11/1/2024 6:00:00 PM,Coal,23236169.965250,21685.599942,11552.345049,36.182556,90.925435,51.037543,True
11/1/2024 10:00:00 PM,11/1/2024 6:00:00 PM,Gas,36005389.360333,285.310954,7434.760803,56.066341,1.196279,32.846311,True
11/1/2024 10:00:00 PM,11/1/2024 6:00:00 PM,Hydro,0.000000,0.000000,0.000000,0.000000,0.000000,0.000000,True
11/1/2024 10:00:00 PM,11/1/2024 6:00:00 PM,Multiple Fuels,3516702.240500,157.357415,1951.639017,5.476086,0.659783,8.622220,True
11/1/2024 10:00:00 PM,11/1/2024 6:00:00 PM,Nuclear,0.000000,0.000000,0.000000,0.000000,0.000000,0.000000,True
11/1/2024 10:00:00 PM,11/1/2024 6:00:00 PM,Oil,602148.721917,622.752846,308.584331,0.937645,2.611137,1.363306,True
11/1/2024 10:00:00 PM,11/1/2024 6:00:00 PM,Other,0.000000,0.000000,0.000000,0.000000,0.000000,0.000000,True
11/1/2024 10:00:00 PM,11/1/2024 6:00:00 PM,Other Renewables,858850.155417,1098.850975,1387.665462,1.337372,4.607366,6.130620,True
11/1/2024 10:00:00 PM,11/1/2024 6:00:00 PM,Solar,0.000000,0.000000,0.000000,0.000000,0.000000,0.000000,True
11/1/2024 10:00:00 PM,11/1/2024 6:00:00 PM,Storage,0.000000,0.000000,0.000000,0.000000,0.000000,0.000000,True
11/1/2024 10:00:00 PM,11/1/2024 6:00:00 PM,Wind,0.000000,0.000000,0.000000,0.000000,0.000000,0.000000,True
11/1/2024 9:00:00 PM,11/1/2024 5:00:00 PM,Coal,22620001.908333,21009.171732,11102.182477,36.320551,90.743691,50.241616,True
11/1/2024 9:00:00 PM,11/1/2024 5:00:00 PM,Gas,34975339.259250,279.673554,7500.110988,56.159306,1.207978,33.940867,True
11/1/2024 9:00:00 PM,11/1/2024 5:00:00 PM,Hydro,0.000000,0.000000,0.000000,0.000000,0.000000,0.000000,True
11/1/2024 9:00:00 PM,11/1/2024 5:00:00 PM,Multiple Fuels,3284670.443833,145.314317,1829.477050,5.274139,0.627648,8.279082,True
11/1/2024 9:00:00 PM,11/1/2024 5:00:00 PM,Nuclear,0.000000,0.000000,0.000000,0.000000,0.000000,0.000000,True
11/1/2024 9:00:00 PM,11/1/2024 5:00:00 PM,Oil,536014.223667,621.166167,286.256450,0.860669,2.682967,1.295420,True
11/1/2024 9:00:00 PM,11/1/2024 5:00:00 PM,Other,0.000000,0.000000,0.000000,0.000000,0.000000,0.000000,True
11/1/2024 9:00:00 PM,11/1/2024 5:00:00 PM,Other Renewables,862769.483833,1096.886283,1379.555383,1.385334,4.737717,6.243015,True
11/1/2024 9:00:00 PM,11/1/2024 5:00:00 PM,Solar,0.000000,0.000000,0.000000,0.000000,0.000000,0.000000,True
11/1/2024 9:00:00 PM,11/1/2024 5:00:00 PM,Storage,0.000000,0.000000,0.000000,0.000000,0.000000,0.000000,True
11/1/2024 9:00:00 PM,11/1/2024 5:00:00 PM,Wind,0.000000,0.000000,0.000000,0.000000,0.000000,0.000000,True
11/1/2024 8:00:00 PM,11/1/2024 4:00:00 PM,Coal,22780572.995333,20859.038203,11224.667024,37.860658,90.847371,54.140568,True
11/1/2024 8:00:00 PM,11/1/2024 4:00:00 PM,Gas,32857722.224750,266.003660,6110.789804,54.608590,1.158526,29.474516,True
11/1/2024 8:00:00 PM,11/1/2024 4:00:00 PM,Hydro,0.000000,0.000000,0.000000,0.000000,0.000000,0.000000,True
11/1/2024 8:00:00 PM,11/1/2024 4:00:00 PM,Multiple Fuels,3175049.072000,140.311348,1774.190522,5.276840,0.611098,8.557553,True
11/1/2024 8:00:00 PM,11/1/2024 4:00:00 PM,Nuclear,0.000000,0.000000,0.000000,0.000000,0.000000,0.000000,True
11/1/2024 8:00:00 PM,11/1/2024 4:00:00 PM,Oil,507711.789833,619.271958,263.756048,0.843802,2.697115,1.272189,True
11/1/2024 8:00:00 PM,11/1/2024 4:00:00 PM,Other,0.000000,0.000000,0.000000,0.000000,0.000000,0.000000,True
11/1/2024 8:00:00 PM,11/1/2024 4:00:00 PM,Other Renewables,848455.758667,1075.905217,1359.048152,1.410109,4.685890,6.555173,True
11/1/2024 8:00:00 PM,11/1/2024 4:00:00 PM,Solar,0.000000,0.000000,0.000000,0.000000,0.000000,0.000000,True
11/1/2024 8:00:00 PM,11/1/2024 4:00:00 PM,Storage,0.000000,0.000000,0.000000,0.000000,0.000000,0.000000,True
11/1/2024 8:00:00 PM,11/1/2024 4:00:00 PM,Wind,0.000000,0.000000,0.000000,0.000000,0.000000,0.000000,True
11/1/2024 7:00:00 PM,11/1/2024 3:00:00 PM,Coal,22897933.588833,20837.485747,11336.055667,38.762533,90.956134,56.055520,True
11/1/2024 7:00:00 PM,11/1/2024 3:00:00 PM,Gas,31748869.287250,261.127420,5548.967277,53.745749,1.139828,27.439019,True
11/1/2024 7:00:00 PM,11/1/2024 3:00:00 PM,Hydro,0.000000,0.000000,0.000000,0.000000,0.000000,0.000000,True
11/1/2024 7:00:00 PM,11/1/2024 3:00:00 PM,Multiple Fuels,3103423.431750,137.642804,1743.995783,5.253599,0.600814,8.623863,True
11/1/2024 7:00:00 PM,11/1/2024 3:00:00 PM,Nuclear,0.000000,0.000000,0.000000,0.000000,0.000000,0.000000,True
11/1/2024 7:00:00 PM,11/1/2024 3:00:00 PM,Oil,482791.324083,614.877665,257.779862,0.817288,2.683956,1.274692,True
11/1/2024 7:00:00 PM,11/1/2024 3:00:00 PM,Other,0.000000,0.000000,0.000000,0.000000,0.000000,0.000000,True
11/1/2024 7:00:00 PM,11/1/2024 3:00:00 PM,Other Renewables,839318.103417,1058.245583,1336.108383,1.420831,4.619268,6.606906,True
11/1/2024 7:00:00 PM,11/1/2024 3:00:00 PM,Solar,0.000000,0.000000,0.000000,0.000000,0.000000,0.000000,True
11/1/2024 7:00:00 PM,11/1/2024 3:00:00 PM,Storage,0.000000,0.000000,0.000000,0.000000,0.000000,0.000000,True
11/1/2024 7:00:00 PM,11/1/2024 3:00:00 PM,Wind,0.000000,0.000000,0.000000,0.000000,0.000000,0.000000,True
11/1/2024 6:00:00 PM,11/1/2024 2:00:00 PM,Coal,22685199.740667,20685.793242,11310.196730,38.678685,90.706665,55.393411,True
11/1/2024 6:00:00 PM,11/1/2024 2:00:00 PM,Gas,31513324.672500,260.441229,5745.402495,53.730801,1.142028,28.138984,True
11/1/2024 6:00:00 PM,11/1/2024 2:00:00 PM,Hydro,0.000000,0.000000,0.000000,0.000000,0.000000,0.000000,True
11/1/2024 6:00:00 PM,11/1/2024 2:00:00 PM,Multiple Fuels,3100247.024583,131.743011,1708.799493,5.285978,0.577690,8.369106,True
11/1/2024 6:00:00 PM,11/1/2024 2:00:00 PM,Nuclear,0.000000,0.000000,0.000000,0.000000,0.000000,0.000000,True
11/1/2024 6:00:00 PM,11/1/2024 2:00:00 PM,Oil,476285.272333,611.619208,257.018497,0.812075,2.681934,1.258787,True
11/1/2024 6:00:00 PM,11/1/2024 2:00:00 PM,Other,0.000000,0.000000,0.000000,0.000000,0.000000,0.000000,True
11/1/2024 6:00:00 PM,11/1/2024 2:00:00 PM,Other Renewables,875333.949417,1115.555667,1396.528807,1.492461,4.891683,6.839713,True
11/1/2024 6:00:00 PM,11/1/2024 2:00:00 PM,Solar,0.000000,0.000000,0.000000,0.000000,0.000000,0.000000,True
11/1/2024 6:00:00 PM,11/1/2024 2:00:00 PM,Storage,0.000000,0.000000,0.000000,0.000000,0.000000,0.000000,True
11/1/2024 6:00:00 PM,11/1/2024 2:00:00 PM,Wind,0.000000,0.000000,0.000000,0.000000,0.000000,0.000000,True
11/1/2024 5:00:00 PM,11/1/2024 1:00:00 PM,Coal,23065382.631083,20935.157389,11467.612303,39.864225,90.837429,56.296400,True
11/1/2024 5:00:00 PM,11/1/2024 1:00:00 PM,Gas,30895115.418667,257.245343,5694.996532,53.396462,1.116185,27.957677,True
11/1/2024 5:00:00 PM,11/1/2024 1:00:00 PM,Hydro,0.000000,0.000000,0.000000,0.000000,0.000000,0.000000,True
11/1/2024 5:00:00 PM,11/1/2024 1:00:00 PM,Multiple Fuels,2554876.710750,128.029591,1561.707929,4.415629,0.555519,7.666682,True
11/1/2024 5:00:00 PM,11/1/2024 1:00:00 PM,Nuclear,0.000000,0.000000,0.000000,0.000000,0.000000,0.000000,True
11/1/2024 5:00:00 PM,11/1/2024 1:00:00 PM,Oil,472473.846500,611.369792,256.641025,0.816583,2.652727,1.259893,True
11/1/2024 5:00:00 PM,11/1/2024 1:00:00 PM,Other,0.000000,0.000000,0.000000,0.000000,0.000000,0.000000,True
11/1/2024 5:00:00 PM,11/1/2024 1:00:00 PM,Other Renewables,872006.646500,1115.038492,1389.105327,1.507101,4.838140,6.819347,True
11/1/2024 5:00:00 PM,11/1/2024 1:00:00 PM,Solar,0.000000,0.000000,0.000000,0.000000,0.000000,0.000000,True
11/1/2024 5:00:00 PM,11/1/2024 1:00:00 PM,Storage,0.000000,0.000000,0.000000,0.000000,0.000000,0.000000,True
11/1/2024 5:00:00 PM,11/1/2024 1:00:00 PM,Wind,0.000000,0.000000,0.000000,0.000000,0.000000,0.000000,True
11/1/2024 4:00:00 PM,11/1/2024 12:00:00 PM,Coal,23387778.343750,21479.402766,11656.017644,40.571268,91.014826,57.192338,True
11/1/2024 4:00:00 PM,11/1/2024 12:00:00 PM,Gas,30122099.202667,253.088884,5364.088113,52.253435,1.072415,26.319859,True
11/1/2024 4:00:00 PM,11/1/2024 12:00:00 PM,Hydro,0.000000,0.000000,0.000000,0.000000,0.000000,0.000000,True
11/1/2024 4:00:00 PM,11/1/2024 12:00:00 PM,Multiple Fuels,2791316.866917,146.256503,1725.122738,4.842156,0.619734,8.464624,True
11/1/2024 4:00:00 PM,11/1/2024 12:00:00 PM,Nuclear,0.000000,0.000000,0.000000,0.000000,0.000000,0.000000,True
11/1/2024 4:00:00 PM,11/1/2024 12:00:00 PM,Oil,477534.081833,610.172125,256.648252,0.828388,2.585487,1.259291,True
11/1/2024 4:00:00 PM,11/1/2024 12:00:00 PM,Other,0.000000,0.000000,0.000000,0.000000,0.000000,0.000000,True
11/1/2024 4:00:00 PM,11/1/2024 12:00:00 PM,Other Renewables,867432.892417,1110.974075,1378.506435,1.504754,4.707538,6.763889,True
11/1/2024 4:00:00 PM,11/1/2024 12:00:00 PM,Solar,0.000000,0.000000,0.000000,0.000000,0.000000,0.000000,True
11/1/2024 4:00:00 PM,11/1/2024 12:00:00 PM,Storage,0.000000,0.000000,0.000000,0.000000,0.000000,0.000000,True
11/1/2024 4:00:00 PM,11/1/2024 12:00:00 PM,Wind,0.000000,0.000000,0.000000,0.000000,0.000000,0.000000,True
11/1/2024 1:00:00 PM,11/1/2024 9:00:00 AM,Coal,24270379.464917,22538.016881,12192.666716,40.216610,91.469812,56.015057,True
11/1/2024 1:00:00 PM,11/1/2024 9:00:00 AM,Gas,31906228.695500,262.994877,6230.525147,52.869398,1.067356,28.624027,True
11/1/2024 1:00:00 PM,11/1/2024 9:00:00 AM,Hydro,0.000000,0.000000,0.000000,0.000000,0.000000,0.000000,True
11/1/2024 1:00:00 PM,11/1/2024 9:00:00 AM,Multiple Fuels,2799379.070333,147.202670,1728.535584,4.638639,0.597417,7.941168,True
11/1/2024 1:00:00 PM,11/1/2024 9:00:00 AM,Nuclear,0.000000,0.000000,0.000000,0.000000,0.000000,0.000000,True
11/1/2024 1:00:00 PM,11/1/2024 9:00:00 AM,Oil,539233.324083,619.361833,283.951815,0.893523,2.513660,1.304520,True
11/1/2024 1:00:00 PM,11/1/2024 9:00:00 AM,Other,0.000000,0.000000,0.000000,0.000000,0.000000,0.000000,True
11/1/2024 1:00:00 PM,11/1/2024 9:00:00 AM,Other Renewables,833922.379333,1072.265542,1331.087215,1.381830,4.351755,6.115227,True
11/1/2024 1:00:00 PM,11/1/2024 9:00:00 AM,Solar,0.000000,0.000000,0.000000,0.000000,0.000000,0.000000,True
11/1/2024 1:00:00 PM,11/1/2024 9:00:00 AM,Storage,0.000000,0.000000,0.000000,0.000000,0.000000,0.000000,True
11/1/2024 1:00:00 PM,11/1/2024 9:00:00 AM,Wind,0.000000,0.000000,0.000000,0.000000,0.000000,0.000000,True
11/1/2024 12:00:00 PM,11/1/2024 8:00:00 AM,Coal,24111337.095250,22126.745243,12056.734080,39.893238,91.393728,55.787276,True
11/1/2024 12:00:00 PM,11/1/2024 8:00:00 AM,Gas,32449568.090167,263.178167,6394.547043,53.689198,1.087048,29.587976,True
11/1/2024 12:00:00 PM,11/1/2024 8:00:00 AM,Hydro,0.000000,0.000000,0.000000,0.000000,0.000000,0.000000,True
11/1/2024 12:00:00 PM,11/1/2024 8:00:00 AM,Multiple Fuels,2451784.971583,124.271362,1514.762468,4.056583,0.513298,7.008902,True
11/1/2024 12:00:00 PM,11/1/2024 8:00:00 AM,Nuclear,0.000000,0.000000,0.000000,0.000000,0.000000,0.000000,True
11/1/2024 12:00:00 PM,11/1/2024 8:00:00 AM,Oil,585321.052083,623.417704,307.631924,0.968439,2.575004,1.423432,True
11/1/2024 12:00:00 PM,11/1/2024 8:00:00 AM,Other,0.000000,0.000000,0.000000,0.000000,0.000000,0.000000,True
11/1/2024 12:00:00 PM,11/1/2024 8:00:00 AM,Other Renewables,841647.290000,1072.741583,1338.303088,1.392541,4.430921,6.192414,True
11/1/2024 12:00:00 PM,11/1/2024 8:00:00 AM,Solar,0.000000,0.000000,0.000000,0.000000,0.000000,0.000000,True
11/1/2024 12:00:00 PM,11/1/2024 8:00:00 AM,Storage,0.000000,0.000000,0.000000,0.000000,0.000000,0.000000,True
11/1/2024 12:00:00 PM,11/1/2024 8:00:00 AM,Wind,0.000000,0.000000,0.000000,0.000000,0.000000,0.000000,True
11/1/2024 11:00:00 AM,11/1/2024 7:00:00 AM,Coal,22156336.313583,20080.523334,10962.572435,38.917192,90.763810,53.966416,True
11/1/2024 11:00:00 AM,11/1/2024 7:00:00 AM,Gas,31474124.041917,250.864067,6505.235382,55.283713,1.133904,32.023892,True
11/1/2024 11:00:00 AM,11/1/2024 7:00:00 AM,Hydro,0.000000,0.000000,0.000000,0.000000,0.000000,0.000000,True
11/1/2024 11:00:00 AM,11/1/2024 7:00:00 AM,Multiple Fuels,1911211.317667,92.917380,1190.351921,3.357007,0.419986,5.859850,True
11/1/2024 11:00:00 AM,11/1/2024 7:00:00 AM,Nuclear,0.000000,0.000000,0.000000,0.000000,0.000000,0.000000,True
11/1/2024 11:00:00 AM,11/1/2024 7:00:00 AM,Oil,544846.250333,624.400879,310.616303,0.957012,2.822287,1.529098,True
11/1/2024 11:00:00 AM,11/1/2024 7:00:00 AM,Other,0.000000,0.000000,0.000000,0.000000,0.000000,0.000000,True
11/1/2024 11:00:00 AM,11/1/2024 7:00:00 AM,Other Renewables,845483.460417,1075.225983,1344.917698,1.485076,4.860013,6.620744,True
11/1/2024 11:00:00 AM,11/1/2024 7:00:00 AM,Solar,0.000000,0.000000,0.000000,0.000000,0.000000,0.000000,True
11/1/2024 11:00:00 AM,11/1/2024 7:00:00 AM,Storage,0.000000,0.000000,0.000000,0.000000,0.000000,0.000000,True
11/1/2024 11:00:00 AM,11/1/2024 7:00:00 AM,Wind,0.000000,0.000000,0.000000,0.000000,0.000000,0.000000,True
11/1/2024 10:00:00 AM,11/1/2024 6:00:00 AM,Coal,20121585.300000,17912.448299,9670.541978,39.434322,90.023428,56.034080,True
11/1/2024 10:00:00 AM,11/1/2024 6:00:00 AM,Gas,28115023.195333,221.924929,4980.771566,55.099877,1.115338,28.860115,True
11/1/2024 10:00:00 AM,11/1/2024 6:00:00 AM,Hydro,0.000000,0.000000,0.000000,0.000000,0.000000,0.000000,True
11/1/2024 10:00:00 AM,11/1/2024 6:00:00 AM,Multiple Fuels,1556227.264917,68.981156,1004.117570,3.049897,0.346682,5.818165,True
11/1/2024 10:00:00 AM,11/1/2024 6:00:00 AM,Nuclear,0.000000,0.000000,0.000000,0.000000,0.000000,0.000000,True
11/1/2024 10:00:00 AM,11/1/2024 6:00:00 AM,Oil,386653.942333,618.181283,254.943857,0.757765,3.106823,1.477223,True
11/1/2024 10:00:00 AM,11/1/2024 6:00:00 AM,Other,0.000000,0.000000,0.000000,0.000000,0.000000,0.000000,True
11/1/2024 10:00:00 AM,11/1/2024 6:00:00 AM,Other Renewables,846074.399583,1076.005125,1347.947018,1.658138,5.407729,7.810418,True
11/1/2024 10:00:00 AM,11/1/2024 6:00:00 AM,Solar,0.000000,0.000000,0.000000,0.000000,0.000000,0.000000,True
11/1/2024 10:00:00 AM,11/1/2024 6:00:00 AM,Storage,0.000000,0.000000,0.000000,0.000000,0.000000,0.000000,True
11/1/2024 10:00:00 AM,11/1/2024 6:00:00 AM,Wind,0.000000,0.000000,0.000000,0.000000,0.000000,0.000000,True
11/1/2024 9:00:00 AM,11/1/2024 5:00:00 AM,Coal,19424252.329167,17100.352798,9223.060528,40.853371,89.725431,58.834320,True
11/1/2024 9:00:00 AM,11/1/2024 5:00:00 AM,Gas,25420654.833250,201.007066,3933.755382,53.465093,1.054683,25.093603,True
11/1/2024 9:00:00 AM,11/1/2024 5:00:00 AM,Hydro,0.000000,0.000000,0.000000,0.000000,0.000000,0.000000,True
11/1/2024 9:00:00 AM,11/1/2024 5:00:00 AM,Multiple Fuels,1477643.013250,64.783656,925.761225,3.107800,0.339919,5.905473,True
11/1/2024 9:00:00 AM,11/1/2024 5:00:00 AM,Nuclear,0.000000,0.000000,0.000000,0.000000,0.000000,0.000000,True
11/1/2024 9:00:00 AM,11/1/2024 5:00:00 AM,Oil,377387.515750,616.839583,246.915100,0.793727,3.236553,1.575083,True
11/1/2024 9:00:00 AM,11/1/2024 5:00:00 AM,Other,0.000000,0.000000,0.000000,0.000000,0.000000,0.000000,True
11/1/2024 9:00:00 AM,11/1/2024 5:00:00 AM,Other Renewables,846327.702833,1075.551992,1346.835038,1.780009,5.643414,8.591522,True
11/1/2024 9:00:00 AM,11/1/2024 5:00:00 AM,Solar,0.000000,0.000000,0.000000,0.000000,0.000000,0.000000,True
11/1/2024 9:00:00 AM,11/1/2024 5:00:00 AM,Storage,0.000000,0.000000,0.000000,0.000000,0.000000,0.000000,True
11/1/2024 9:00:00 AM,11/1/2024 5:00:00 AM,Wind,0.000000,0.000000,0.000000,0.000000,0.000000,0.000000,True
11/1/2024 8:00:00 AM,11/1/2024 4:00:00 AM,Coal,19063507.790250,16628.760124,8951.321423,41.463090,89.796336,59.996793,True
11/1/2024 8:00:00 AM,11/1/2024 4:00:00 AM,Gas,24311860.516667,190.572745,3555.617041,52.878247,1.029105,23.831746,True
11/1/2024 8:00:00 AM,11/1/2024 4:00:00 AM,Hydro,0.000000,0.000000,0.000000,0.000000,0.000000,0.000000,True
11/1/2024 8:00:00 AM,11/1/2024 4:00:00 AM,Multiple Fuels,1402437.556250,46.997313,876.251731,3.050299,0.253788,5.873132,True
11/1/2024 8:00:00 AM,11/1/2024 4:00:00 AM,Nuclear,0.000000,0.000000,0.000000,0.000000,0.000000,0.000000,True
11/1/2024 8:00:00 AM,11/1/2024 4:00:00 AM,Oil,378955.362167,622.199083,240.124463,0.824227,3.359914,1.609449,True
11/1/2024 8:00:00 AM,11/1/2024 4:00:00 AM,Other,0.000000,0.000000,0.000000,0.000000,0.000000,0.000000,True
11/1/2024 8:00:00 AM,11/1/2024 4:00:00 AM,Other Renewables,820293.597000,1029.776617,1296.351928,1.784137,5.560858,8.688880,True
11/1/2024 8:00:00 AM,11/1/2024 4:00:00 AM,Solar,0.000000,0.000000,0.000000,0.000000,0.000000,0.000000,True
11/1/2024 8:00:00 AM,11/1/2024 4:00:00 AM,Storage,0.000000,0.000000,0.000000,0.000000,0.000000,0.000000,True
11/1/2024 8:00:00 AM,11/1/2024 4:00:00 AM,Wind,0.000000,0.000000,0.000000,0.000000,0.000000,0.000000,True
11/1/2024 7:00:00 AM,11/1/2024 3:00:00 AM,Coal,19414207.700750,17154.306212,9198.802393,42.056244,90.099335,61.326641,True
11/1/2024 7:00:00 AM,11/1/2024 3:00:00 AM,Gas,24103286.108167,194.523973,3378.991873,52.214013,1.021696,22.527087,True
11/1/2024 7:00:00 AM,11/1/2024 3:00:00 AM,Hydro,0.000000,0.000000,0.000000,0.000000,0.000000,0.000000,True
11/1/2024 7:00:00 AM,11/1/2024 3:00:00 AM,Multiple Fuels,1454342.633833,52.026472,901.777882,3.150486,0.273258,6.011979,True
11/1/2024 7:00:00 AM,11/1/2024 3:00:00 AM,Nuclear,0.000000,0.000000,0.000000,0.000000,0.000000,0.000000,True
11/1/2024 7:00:00 AM,11/1/2024 3:00:00 AM,Oil,375807.005667,617.909542,235.671048,0.814096,3.245438,1.571173,True
11/1/2024 7:00:00 AM,11/1/2024 3:00:00 AM,Other,0.000000,0.000000,0.000000,0.000000,0.000000,0.000000,True
11/1/2024 7:00:00 AM,11/1/2024 3:00:00 AM,Other Renewables,814842.333917,1020.559958,1284.440798,1.765161,5.360274,8.563119,True
11/1/2024 7:00:00 AM,11/1/2024 3:00:00 AM,Solar,0.000000,0.000000,0.000000,0.000000,0.000000,0.000000,True
11/1/2024 7:00:00 AM,11/1/2024 3:00:00 AM,Storage,0.000000,0.000000,0.000000,0.000000,0.000000,0.000000,True
11/1/2024 7:00:00 AM,11/1/2024 3:00:00 AM,Wind,0.000000,0.000000,0.000000,0.000000,0.000000,0.000000,True
11/1/2024 6:00:00 AM,11/1/2024 2:00:00 AM,Coal,20276671.430250,18359.812417,9861.600998,43.049569,90.513935,62.007502,True
11/1/2024 6:00:00 AM,11/1/2024 2:00:00 AM,Gas,24021840.310500,203.726592,3503.643527,51.000968,1.004373,22.030113,True
11/1/2024 6:00:00 AM,11/1/2024 2:00:00 AM,Hydro,0.000000,0.000000,0.000000,0.000000,0.000000,0.000000,True
11/1/2024 6:00:00 AM,11/1/2024 2:00:00 AM,Multiple Fuels,1598770.242083,61.691747,1002.020913,3.394362,0.304141,6.300479,True
11/1/2024 6:00:00 AM,11/1/2024 2:00:00 AM,Nuclear,0.000000,0.000000,0.000000,0.000000,0.000000,0.000000,True
11/1/2024 6:00:00 AM,11/1/2024 2:00:00 AM,Oil,379773.885750,625.547458,235.041215,0.806301,3.083951,1.477886,True
11/1/2024 6:00:00 AM,11/1/2024 2:00:00 AM,Other,0.000000,0.000000,0.000000,0.000000,0.000000,0.000000,True
11/1/2024 6:00:00 AM,11/1/2024 2:00:00 AM,Other Renewables,823698.253333,1033.184067,1301.576930,1.748801,5.093601,8.184019,True
11/1/2024 6:00:00 AM,11/1/2024 2:00:00 AM,Solar,0.000000,0.000000,0.000000,0.000000,0.000000,0.000000,True
11/1/2024 6:00:00 AM,11/1/2024 2:00:00 AM,Storage,0.000000,0.000000,0.000000,0.000000,0.000000,0.000000,True
11/1/2024 6:00:00 AM,11/1/2024 2:00:00 AM,Wind,0.000000,0.000000,0.000000,0.000000,0.000000,0.000000,True
11/1/2024 5:00:00 AM,11/1/2024 1:00:00 AM,Coal,21326884.053083,19587.352296,10555.593608,43.630850,90.984063,62.535659,True
11/1/2024 5:00:00 AM,11/1/2024 1:00:00 AM,Gas,24569454.981500,213.707528,3669.083869,50.264549,0.992680,21.737155,True
11/1/2024 5:00:00 AM,11/1/2024 1:00:00 AM,Hydro,0.000000,0.000000,0.000000,0.000000,0.000000,0.000000,True
11/1/2024 5:00:00 AM,11/1/2024 1:00:00 AM,Multiple Fuels,1785997.762583,76.378273,1116.904257,3.653820,0.354780,6.616998,True
11/1/2024 5:00:00 AM,11/1/2024 1:00:00 AM,Nuclear,0.000000,0.000000,0.000000,0.000000,0.000000,0.000000,True
11/1/2024 5:00:00 AM,11/1/2024 1:00:00 AM,Oil,371233.727833,611.420458,229.923452,0.759475,2.840073,1.362161,True
11/1/2024 5:00:00 AM,11/1/2024 1:00:00 AM,Other,0.000000,0.000000,0.000000,0.000000,0.000000,0.000000,True
11/1/2024 5:00:00 AM,11/1/2024 1:00:00 AM,Other Renewables,826714.806250,1039.474708,1307.814193,1.691305,4.828403,7.748027,True
11/1/2024 5:00:00 AM,11/1/2024 1:00:00 AM,Solar,0.000000,0.000000,0.000000,0.000000,0.000000,0.000000,True
11/1/2024 5:00:00 AM,11/1/2024 1:00:00 AM,Storage,0.000000,0.000000,0.000000,0.000000,0.000000,0.000000,True
11/1/2024 5:00:00 AM,11/1/2024 1:00:00 AM,Wind,0.000000,0.000000,0.000000,0.000000,0.000000,0.000000,True
11/1/2024 4:00:00 AM,11/1/2024 12:00:00 AM,Coal,21975001.447500,20164.178108,11302.050815,43.161613,91.283476,64.278753,True
11/1/2024 4:00:00 AM,11/1/2024 12:00:00 AM,Gas,25979049.150083,216.377601,3665.284159,51.026057,0.979544,20.845765,True
11/1/2024 4:00:00 AM,11/1/2024 12:00:00 AM,Hydro,0.000000,0.000000,0.000000,0.000000,0.000000,0.000000,True
11/1/2024 4:00:00 AM,11/1/2024 12:00:00 AM,Multiple Fuels,1772077.717917,75.874543,1092.896055,3.480579,0.343485,6.215686,True
11/1/2024 4:00:00 AM,11/1/2024 12:00:00 AM,Nuclear,0.000000,0.000000,0.000000,0.000000,0.000000,0.000000,True
11/1/2024 4:00:00 AM,11/1/2024 12:00:00 AM,Oil,371380.254000,610.577000,233.045880,0.729437,2.764089,1.325414,True
11/1/2024 4:00:00 AM,11/1/2024 12:00:00 AM,Other,0.000000,0.000000,0.000000,0.000000,0.000000,0.000000,True
11/1/2024 4:00:00 AM,11/1/2024 12:00:00 AM,Other Renewables,815790.807000,1022.618450,1289.595010,1.602314,4.629406,7.334382,True
11/1/2024 4:00:00 AM,11/1/2024 12:00:00 AM,Solar,0.000000,0.000000,0.000000,0.000000,0.000000,0.000000,True
11/1/2024 4:00:00 AM,11/1/2024 12:00:00 AM,Storage,0.000000,0.000000,0.000000,0.000000,0.000000,0.000000,True
11/1/2024 4:00:00 AM,11/1/2024 12:00:00 AM,Wind,0.000000,0.000000,0.000000,0.000000,0.000000,0.000000,True
