name,date,temp,feelslike,dew,humidity,precip,precipprob,preciptype,snow,snowdepth,windgust,windspeed,winddir,sealevelpressure,cloudcover,visibility,solarradiation,solarenergy,uvindex,severerisk,conditions,icon,stations
california,2024-07-15 07:00:00+00:00,16,16,11.1,72.81,0,0,,0,0,27.7,11.7,181,1015.4,8.3,16,7,0,0,10,Clear,clear-day,"E9060,KSMF,72483023232,72483993225,72483323206,KSAC"
california,2024-07-15 08:00:00+00:00,17,17,11.6,70.67,0,0,,0,0,37.1,14.8,168,1016.1,8.3,16,35,0.1,0,10,Clear,clear-day,"E9060,KSMF,72483023232,72483993225,72483323206,KSAC"
california,2024-07-15 09:00:00+00:00,19.2,19.2,12.1,63.67,0,0,,0,0,18.4,17,184,1016.5,8.3,16,62,0.2,1,10,Clear,clear-day,"E9060,KSMF,72483023232,72483993225,72483323206,KSAC"
california,2024-07-15 10:00:00+00:00,21.2,21.2,12,55.96,0,0,,0,0,18.4,14.5,200,1016.4,4.5,16,74,0.3,1,10,Clear,clear-day,"E9060,KSMF,72483023232,72483993225,72483323206,KSAC,72057600174"
california,2024-07-15 11:00:00+00:00,22.9,22.9,12,50.46,0,0,,0,0,20.5,15.4,204,1016.1,0,16,91,0.3,1,10,Clear,clear-day,"E9060,KSMF,72483023232,72483993225,72483323206,KSAC,72057600174"
california,2024-07-15 12:00:00+00:00,25.5,25.5,11.9,42.58,0,0,,0,0,22.3,13.1,197,1015.7,0,16,102,0.4,1,10,Clear,clear-day,"E9060,KSMF,72483023232,72483993225,72483323206,KSAC"
california,2024-07-15 13:00:00+00:00,27.9,27.4,11.5,36.08,0,0,,0,0,24.1,17.1,184,1015.1,0,16,107,0.4,1,10,Clear,clear-day,"E9060,KSMF,72483023232,72483993225,72483323206,KSAC,72057600174"
california,2024-07-15 14:00:00+00:00,29.9,28.6,10.1,29.14,0,0,,0,0,25.9,17.7,215,1014.4,0,16,107,0.4,1,10,Clear,clear-day,"E9060,KSMF,72483023232,72483993225,72483323206,KSAC,72057600174"
california,2024-07-15 15:00:00+00:00,31.3,29.9,11.1,28.95,0,0,,0,0,27.7,16.7,200,1013.4,0,16,100,0.4,1,10,Clear,clear-day,"E9060,KSMF,72483023232,72483993225,72483323206,KSAC,72057600174"
california,2024-07-15 16:00:00+00:00,31.9,30.3,10.5,26.92,0,0,,0,0,31.7,17.1,209,1012.7,0,16,88,0.3,1,10,Clear,clear-day,"E9060,KSMF,72483023232,72483993225,72483323206,KSAC,72057600174"
california,2024-07-15 17:00:00+00:00,31.9,30.5,11,27.68,0,0,,0,0,29.5,15.4,198,1012.5,0,15.9,70,0.3,1,10,Clear,clear-day,"E9060,KSMF,72483023232,72483993225,72483323206,KSAC,72057600174"
california,2024-07-15 18:00:00+00:00,30.8,29.5,11,29.41,0,0,,0,0,31.3,17.7,207,1012.1,0,16,49,0.2,0,10,Clear,clear-day,"E9060,KSMF,72483023232,72483993225,72483323206,KSAC,72057600174"
california,2024-07-15 19:00:00+00:00,28.7,28.1,12.6,36.95,0,0,,0,0,29.5,17.2,206,1011.8,0,16,28,0.1,0,10,Clear,clear-day,"E9060,KSMF,72483023232,72483993225,72483323206,KSAC,72057600174"
california,2024-07-15 20:00:00+00:00,25.2,25.2,12.7,45.69,0,0,,0,0,33.5,22.3,208,1011.9,0,16,0,0,0,10,Clear,clear-day,"E9060,KSMF,72483023232,72483993225,72483323206,KSAC,72057600174"
california,2024-07-15 21:00:00+00:00,22.4,22.4,12.2,52.41,0,0,,0,0,27.7,15.7,201,1012.1,0,16,0,0,0,10,Clear,clear-night,"E9060,KSMF,72483023232,72483993225,72483323206,KSAC,72057600174"
california,2024-07-15 22:00:00+00:00,20.7,20.7,11.2,54.57,0,0,,0,0,25.9,14.1,204,1012.4,0,16,0,0,0,10,Clear,clear-night,"E9060,KSMF,72483023232,72483993225,72483323206,KSAC,72057600174"
california,2024-07-15 23:00:00+00:00,19.5,19.5,10.7,57.01,0,0,,0,0,22.3,12.6,163,1012.7,0,16,0,0,0,10,Clear,clear-night,"E9060,KSMF,72483023232,72483993225,72483323206,KSAC,72057600174"
california,2024-07-16 00:00:00+00:00,19.2,19.2,10.2,55.71,0,0,,0,0,22.3,11.4,173,1012.8,0,16,0,0,0,10,Clear,clear-night,"E9060,KSMF,72483023232,72483993225,72483323206,KSAC,72057600174"
california,2024-07-16 01:00:00+00:00,18.1,18.1,9.6,57.55,0,0,,0,0,22.3,17.2,200,1012.7,0,16,0,0,0,10,Clear,clear-night,"E9060,KSMF,72483023232,72483993225,72483323206,KSAC,72057600174"
california,2024-07-16 02:00:00+00:00,17.5,17.5,9.5,59.4,0,0,,0,0,20.5,13.7,174,1012.8,0,16,0,0,0,10,Clear,clear-night,"E9060,KSMF,72483023232,72483993225,72483323206,KSAC,72057600174"
california,2024-07-16 03:00:00+00:00,16.9,16.9,9.5,61.53,0,0,,0,0,18.4,11.5,173,1012.9,0,16,0,0,0,10,Clear,clear-night,"E9060,KSMF,72483023232,72483993225,72483323206,KSAC,72057600174"
california,2024-07-16 04:00:00+00:00,16.4,16.4,9.4,63.16,0,0,,0,0,18.4,15.5,150,1013,0,16,0,0,0,10,Clear,clear-night,"E9060,KSMF,72483023232,72483993225,72483323206,KSAC"
california,2024-07-16 05:00:00+00:00,15.8,15.8,9.4,65.52,0,0,,0,0,16.6,9.9,172,1013.2,0,16,0,0,0,10,Clear,clear-night,"E9060,KSMF,72483023232,72483993225,72483323206,KSAC,72057600174"
california,2024-07-16 06:00:00+00:00,15.8,15.8,9.4,65.52,0,0,,0,0,33.5,10.9,157,1013.9,0,16,0,0,0,10,Clear,clear-day,"E9060,KSMF,72483023232,72483993225,72483323206,KSAC,72057600174"
california,2024-07-16 07:00:00+00:00,15.9,15.9,10,67.81,0,0,,0,0,18.4,13.4,174,1014.3,0,16,5,0,0,10,Clear,clear-day,"E9060,KSMF,72483023232,72483993225,72483323206,KSAC,72057600174"
california,2024-07-16 08:00:00+00:00,17.4,17.4,10.5,63.58,0,0,,0,0,31.7,14.4,200,1014.8,0,16,33,0.1,0,10,Clear,clear-day,"E9060,KSMF,72483023232,72483993225,72483323206,KSAC,72057600174"
california,2024-07-16 09:00:00+00:00,18.9,18.9,10.6,58.41,0,0,,0,0,35.3,19.7,190,1015,0,16,44,0.2,0,10,Clear,clear-day,"E9060,KSMF,72483023232,72483993225,72483323206,KSAC,72057600174"
california,2024-07-16 10:00:00+00:00,21.3,21.3,10.9,51.48,0,0,,0,0,33.5,20.3,190,1014.9,0,16,76,0.3,1,10,Clear,clear-day,"E9060,KSMF,72483023232,72483993225,72483323206,KSAC,72057600174"
california,2024-07-16 11:00:00+00:00,22.5,22.5,11.1,48.25,0,0,,0,0,22.3,18.6,198,1014.9,0,16,93,0.3,1,10,Clear,clear-day,"E9060,KSMF,72483023232,72483993225,72483323206,KSAC,72057600174"
california,2024-07-16 12:00:00+00:00,24.8,24.8,11.2,42.31,0,0,,0,0,31.7,18.6,203,1014.7,0,16,105,0.4,1,10,Clear,clear-day,"E9060,KSMF,72483023232,72483993225,72483323206,KSAC,72057600174"
california,2024-07-16 13:00:00+00:00,26.9,26.6,10.9,36.64,0,0,,0,0,38.9,25.2,221,1014.6,4.5,15.9,111,0.4,1,10,Clear,clear-day,"E9060,KSMF,72483023232,72483993225,72483323206,KSAC,72057600174"
california,2024-07-16 14:00:00+00:00,28.9,27.9,10.5,31.75,0,0,,0,0,27.7,18.9,207,1014,4.5,16,109,0.4,1,10,Clear,clear-day,"E9060,KSMF,72483023232,72483993225,72483323206,KSAC,72057600174"
california,2024-07-16 15:00:00+00:00,29.5,28.4,10.5,30.73,0,0,,0,0,29.5,15.9,190,1013.5,4.5,16,102,0.4,1,10,Clear,clear-day,"E9060,KSMF,72483023232,72483993225,72483323206,KSAC,72057600174"
california,2024-07-16 16:00:00+00:00,30.6,29.1,9.7,27.49,0,0,,0,0,31.3,23.9,213,1013,4.5,16,90,0.3,1,10,Clear,clear-day,"E9060,KSMF,72483023232,72483993225,72483323206,KSAC,72057600174"
california,2024-07-16 17:00:00+00:00,29.6,28.2,8.6,26.92,0,0,,0,0,42.9,27.9,214,1012.6,0,16,72,0.3,1,10,Clear,clear-day,"E9060,KSMF,72483023232,72483993225,72483323206,KSAC,72057600174"
california,2024-07-16 18:00:00+00:00,28,27.1,8.6,29.56,0,0,,0,0,38.9,24.1,205,1012.1,0,16,53,0.2,1,10,Clear,clear-day,"E9060,KSMF,72483023232,72483993225,KSAC,72057600174"
california,2024-07-16 19:00:00+00:00,25.8,25.8,10.8,39.04,0,0,,0,0,37.1,22.4,190,1012.4,0,16,28,0.1,0,10,Clear,clear-day,"E9060,KSMF,72483023232,72483993225,72483323206,KSAC,72057600174"
california,2024-07-16 20:00:00+00:00,23,23,10.9,46.37,0,0,,0,0,27.7,21,202,1012.8,0,16,0,0,0,10,Clear,clear-day,"E9060,KSMF,72483023232,72483993225,72483323206,KSAC,72057600174"
california,2024-07-16 21:00:00+00:00,19.6,19.6,10,54.08,0,0,,0,0,31.7,19.9,202,1013.4,2.1,15.9,0,0,0,10,Clear,clear-night,"E9060,KSMF,72483023232,72483993225,72483323206,KSAC,72057600174"
california,2024-07-16 22:00:00+00:00,18.1,18.1,9.4,56.62,0,0,,0,0,37.1,17.3,192,1013.7,0,16,0,0,0,10,Clear,clear-night,"E9060,KSMF,72483023232,72483993225,72483323206,KSAC,72057600174"
california,2024-07-16 23:00:00+00:00,16.9,16.9,9.4,61.29,0,0,,0,0,38.9,20.1,190,1014.1,0,16,0,0,0,10,Clear,clear-night,"E9060,KSMF,72483023232,72483993225,72483323206,KSAC,72057600174"
california,2024-07-17 00:00:00+00:00,16.2,16.2,9.3,63.77,0,0,,0,0,37.1,20.5,176,1014.3,0,16,0,0,0,10,Clear,clear-night,"E9060,KSMF,72483023232,72483993225,KSAC,72057600174"
california,2024-07-17 01:00:00+00:00,15.1,15.1,10.1,71.97,0,0,,0,0,27.7,16.4,161,1014.7,0,16,0,0,0,10,Clear,clear-night,"E9060,KSMF,72483023232,72483993225,72483323206,KSAC,72057600174"
california,2024-07-17 02:00:00+00:00,14.5,14.5,10.5,77.04,0,0,,0,0,18.4,10.8,175,1014.6,0,16,0,0,0,10,Clear,clear-night,"E9060,KSMF,72483023232,72483993225,72483323206,KSAC,72057600174"
california,2024-07-17 03:00:00+00:00,14,14,10.7,80.38,0,0,,0,0,16.6,17.1,190,1014.4,0,16,0,0,0,10,Clear,clear-night,"E9060,KSMF,72483023232,72483993225,72483323206,KSAC,72057600174"
california,2024-07-17 04:00:00+00:00,13.9,13.9,11,82.52,0,0,,0,0,35.3,14.8,180,1014.2,0,16,0,0,0,10,Clear,clear-night,"E9060,KSMF,72483023232,72483993225,72483323206,KSAC,72057600174"
california,2024-07-17 05:00:00+00:00,13.4,13.4,11,85.5,0,0,,0,0,13,12.1,174,1014.6,0,16,0,0,0,10,Clear,clear-night,"E9060,KSMF,72483023232,72483993225,72483323206,KSAC,72057600174"
california,2024-07-17 06:00:00+00:00,13.5,13.5,11.1,85.59,0,0,,0,0,11.2,9.7,173,1014.8,0,16,0,0,0,10,Clear,clear-day,"E9060,KSMF,72483023232,72483993225,KSAC,72057600174"
california,2024-07-17 07:00:00+00:00,13.5,13.5,11.1,85.57,0,0,,0,0,11.2,10,179,1015.3,0,16,0,0,0,10,Clear,clear-day,"E9060,KSMF,72483023232,72483993225,72483323206,KSAC,72057600174"
california,2024-07-17 08:00:00+00:00,15.7,15.7,11.7,76.86,0,0,,0,0,11.2,8.1,165,1016,4.5,16,35,0.1,0,10,Clear,clear-day,"E9060,KSMF,72483023232,72483993225,72483323206,KSAC,72057600174"
california,2024-07-17 09:00:00+00:00,17.3,17.3,11.6,68.99,0,0,,0,0,9.4,0.7,19,1016.3,0,16,58,0.2,1,10,Clear,clear-day,"E9060,KSMF,72483023232,72483993225,72483323206,KSAC,72057600174"
california,2024-07-17 10:00:00+00:00,19.6,19.6,11.7,60.08,0,0,,0,0,11.2,6,173,1016.3,0,16,77,0.3,1,10,Clear,clear-day,"E9060,KSMF,72483023232,72483993225,72483323206,KSAC,72057600174"
california,2024-07-17 11:00:00+00:00,22.4,22.4,11.8,50.96,0,0,,0,0,11.2,6.7,300,1016.2,0,16,95,0.3,1,10,Clear,clear-day,"E9060,KSMF,72483023232,72483993225,72483323206,KSAC,72057600174"
california,2024-07-17 12:00:00+00:00,24.5,24.5,11.7,44.71,0,0,,0,0,13,1.4,0,1016.1,0,16,105,0.4,1,10,Clear,clear-day,"E9060,KSMF,72483023232,72483993225,72483323206,KSAC,72057600174"
california,2024-07-17 13:00:00+00:00,27.3,26.9,10.9,35.93,0,0,,0,0,14.8,4.8,346,1015.9,0,16,111,0.4,1,10,Clear,clear-day,"E9060,KSMF,72483023232,72483993225,72483323206,KSAC,72057600174"
california,2024-07-17 14:00:00+00:00,29.5,28.6,11.9,33.88,0,0,,0,0,16.6,10.1,230,1015.2,0,15.5,109,0.4,1,10,Clear,clear-day,"E9060,KSMF,72483023232,72483993225,72483323206,KSAC,72057600174"
california,2024-07-17 15:00:00+00:00,31,29.6,10.8,28.95,0,0,,0,0,18.4,9.7,234,1014.5,0,16,102,0.4,1,10,Clear,clear-day,"E9060,KSMF,72483023232,72483993225,72483323206,KSAC,72057600174"
california,2024-07-17 16:00:00+00:00,32.3,30.8,10.4,25.95,0,0,,0,0,18.4,9.4,255,1013.9,0,16,88,0.3,1,10,Clear,clear-day,"E9060,KSMF,72483023232,72483993225,72483323206,KSAC,72057600174"
california,2024-07-17 17:00:00+00:00,32.6,31.3,12.1,28.7,0,0,,0,0,20.5,10.7,261,1013.2,0,16,72,0.3,1,10,Clear,clear-day,"E9060,KSMF,72483023232,72483993225,72483323206,KSAC,72057600174"
california,2024-07-17 18:00:00+00:00,33.1,32,12.8,29.18,0,0,,0,0,18.4,9.4,200,1012.8,0,16,51,0.2,1,10,Clear,clear-day,"E9060,KSMF,72483023232,72483993225,KSAC,72057600174"
california,2024-07-17 19:00:00+00:00,31.3,30.4,13.2,33.2,0,0,,0,0,18.4,11.9,206,1012.5,0,16,28,0.1,0,10,Clear,clear-day,"E9060,KSMF,72483023232,72483993225,72483323206,KSAC,72057600174"
california,2024-07-17 20:00:00+00:00,28.9,28.6,14.3,40.84,0,0,,0,0,20.5,13.4,206,1012.4,0,16,0,0,0,10,Clear,clear-day,"E9060,KSMF,72483023232,72483993225,72483323206,KSAC,72057600174"
california,2024-07-17 21:00:00+00:00,25.4,25.4,13.8,48.63,0,0,,0,0,18.4,9.6,206,1012.7,0,16,0,0,0,10,Clear,clear-night,"E9060,KSMF,72483023232,72483993225,72483323206,KSAC,72057600174"
california,2024-07-17 22:00:00+00:00,23.2,23.2,13.4,54.33,0,0,,0,0,18.4,12.1,199,1013.1,0,16,0,0,0,10,Clear,clear-night,"E9060,KSMF,72483023232,72483993225,72483323206,KSAC,72057600174"
california,2024-07-17 23:00:00+00:00,21.8,21.8,13.3,58.8,0,0,,0,0,18.4,13.7,211,1013,0,16,0,0,0,10,Clear,clear-night,"E9060,KSMF,72483023232,72483993225,72483323206,KSAC,72057600174"
california,2024-07-18 00:00:00+00:00,20.3,20.3,13.3,64.16,0,0,,0,0,14.8,2.8,16,1013.1,0,15.7,0,0,0,10,Clear,clear-night,"E9060,KSMF,72483023232,72483993225,72483323206,KSAC,72057600174"
california,2024-07-18 01:00:00+00:00,19,19,12.9,67.59,0,0,,0,0,14.8,7.7,142,1013.1,0,16,0,0,0,10,Clear,clear-night,"E9060,KSMF,72483023232,72483993225,72483323206,KSAC,72057600174"
california,2024-07-18 02:00:00+00:00,18.8,18.8,12.9,68.35,0,0,,0,0,13,6.2,174,1013.1,0,16,0,0,0,10,Clear,clear-night,"E9060,KSMF,72483023232,72483993225,72483323206,KSAC,72057600174"
california,2024-07-18 03:00:00+00:00,18.5,18.5,13.2,71.3,0,0,,0,0,11.2,6.9,191,1013,0,16,0,0,0,10,Clear,clear-night,"E9060,KSMF,72483023232,72483993225,72483323206,KSAC,72057600174"
california,2024-07-18 04:00:00+00:00,17.8,17.8,12.8,72.62,0,0,,0,0,9.4,1.5,317,1012.9,0,16,0,0,0,10,Clear,clear-night,"E9060,KSMF,72483023232,72483993225,72483323206,KSAC,72057600174"
california,2024-07-18 05:00:00+00:00,16.7,16.7,12.7,77.32,0,0,,0,0,9.4,0.9,330,1013.4,0,16,0,0,0,10,Clear,clear-night,"E9060,KSMF,72483023232,72483993225,72483323206,KSAC,72057600174"
california,2024-07-18 06:00:00+00:00,15.8,15.8,12.7,82,0,0,,0,0,9.4,4.5,86,1013.6,0,16,0,0,0,10,Clear,clear-day,"E9060,KSMF,72483023232,72483993225,72483323206,KSAC,72057600174"
california,2024-07-18 07:00:00+00:00,16.3,16.3,13.2,81.91,0,0,,0,0,9.4,0,0,1013.8,0,16,0,0,0,10,Clear,clear-day,"E9060,KSMF,72483023232,72483993225,72483323206,KSAC,72057600174"
california,2024-07-18 08:00:00+00:00,18.7,18.7,13.8,73.11,0,0,,0,0,9.4,0.9,349,1014.3,0,16,33,0.1,0,10,Clear,clear-day,"E9060,KSMF,72483023232,72483993225,72483323206,KSAC,72057600174"
california,2024-07-18 09:00:00+00:00,22.3,22.3,14.2,60.15,0,0,,0,0,7.6,4.9,280,1014.6,4.5,16,56,0.2,1,10,Clear,clear-day,"E9060,KSMF,72483023232,72483993225,72483323206,KSAC,72057600174"
california,2024-07-18 10:00:00+00:00,25.8,25.8,13.8,47.57,0,0,,0,0,9.4,5.2,281,1014.4,4.5,16,76,0.3,1,10,Clear,clear-day,"E9060,KSMF,72483023232,72483993225,72483323206,KSAC,72057600174"
california,2024-07-18 11:00:00+00:00,29.3,28.6,12.7,35.98,0,0,,0,0,9.4,7.4,342,1014.2,0,16,93,0.3,1,10,Clear,clear-day,"E9060,KSMF,72483023232,72483993225,72483323206,KSAC,72057600174"
california,2024-07-18 12:00:00+00:00,31.8,31,13.6,33.03,0,0,,0,0,13,8.7,250,1013.9,0,16,104,0.4,1,10,Clear,clear-day,"E9060,KSMF,72483023232,72483993225,72483323206,KSAC,72057600174"
california,2024-07-18 13:00:00+00:00,33.9,33,13.4,29.12,0,0,,0,0,14.8,2.6,328,1014,0,16,109,0.4,1,10,Clear,clear-day,"E9060,KSMF,72483023232,72483993225,72483323206,KSAC,72057600174"
california,2024-07-18 14:00:00+00:00,35.7,34.8,13,25.55,0,0,,0,0,16.6,9.1,302,1013.5,0,16,107,0.4,1,10,Clear,clear-day,"E9060,KSMF,72483023232,72483993225,72483323206,KSAC,72057600174"
california,2024-07-18 15:00:00+00:00,36,35,12.7,24.72,0,0,,0,0,20.5,8.6,280,1012.9,0,16,100,0.4,1,10,Clear,clear-day,"E9060,KSMF,72483023232,72483993225,72483323206,KSAC,72057600174"
california,2024-07-18 16:00:00+00:00,37.4,36.4,12.3,22.2,0,0,,0,0,20.5,3.8,230,1012.2,0,16,88,0.3,1,10,Clear,clear-day,"E9060,KSMF,72483023232,72483993225,72483323206,KSAC,72057600174"
california,2024-07-18 17:00:00+00:00,37.5,36.8,13.2,23.52,0,0,,0,0,22.3,12,227,1011.7,0,16,70,0.3,1,10,Clear,clear-day,"E9060,KSMF,72483023232,72483993225,72483323206,KSAC,72057600174"
california,2024-07-18 18:00:00+00:00,37.4,36.6,12.7,22.85,0,0,,0,0,22.3,15.7,235,1011.2,0,16,49,0.2,0,10,Clear,clear-day,"E9060,KSMF,72483023232,72483993225,72483323206,KSAC,72057600174"
california,2024-07-18 19:00:00+00:00,35.6,34.8,13.3,26.24,0,0,,0,0,24.1,15,209,1011.4,0,16,28,0.1,0,10,Clear,clear-day,"E9060,KSMF,72483023232,72483993225,72483323206,KSAC,72057600174"
california,2024-07-18 20:00:00+00:00,32.1,31.1,13.3,32.1,0,0,,0,0,22.3,13.4,189,1011.8,0,16,0,0,0,10,Clear,clear-day,"E9060,KSMF,72483023232,72483993225,72483323206,KSAC,72057600174"
california,2024-07-18 21:00:00+00:00,28.3,27.7,12,36.31,0,0,,0,0,20.5,14.7,198,1012.4,0,16,0,0,0,10,Clear,clear-night,"E9060,KSMF,72483023232,72483993225,72483323206,KSAC,72057600174"
california,2024-07-18 22:00:00+00:00,25.9,25.9,11.3,40.04,0,0,,0,0,18.4,13,208,1012.8,0,16,0,0,0,10,Clear,clear-night,"E9060,KSMF,72483023232,72483993225,72483323206,KSAC,72057600174"
california,2024-07-18 23:00:00+00:00,23.7,23.7,11.7,46.95,0,0,,0,0,16.6,8.2,209,1013,0,16,0,0,0,10,Clear,clear-night,"E9060,KSMF,72483023232,72483993225,72483323206,KSAC,72057600174"
california,2024-07-19 00:00:00+00:00,22.8,22.8,11.7,49.48,0,0,,0,0,14.8,2.1,40,1013.4,0,16,0,0,0,10,Clear,clear-night,"E9060,KSMF,72483023232,72483993225,72483323206,KSAC,72057600174"
california,2024-07-19 01:00:00+00:00,22.4,22.4,11.7,50.73,0,0,,0,0,13,2.7,58,1013.2,4.5,16,0,0,0,10,Clear,clear-night,"E9060,KSMF,72483023232,72483993225,72483323206,KSAC,72057600174"
california,2024-07-19 02:00:00+00:00,21.7,21.7,11.7,52.98,0,0,,0,0,11.2,9.5,196,1013.1,4.5,16,0,0,0,10,Clear,clear-night,"E9060,KSMF,72483023232,72483993225,72483323206,KSAC,72057600174"
california,2024-07-19 03:00:00+00:00,20.5,20.5,11.2,55.09,0,0,,0,0,11.2,7.4,180,1013,4.5,16,0,0,0,10,Clear,clear-night,"E9060,KSMF,72483023232,72483993225,72483323206,KSAC,72057600174"
california,2024-07-19 04:00:00+00:00,19.4,19.4,11.6,60.64,0,0,,0,0,9.4,1.2,320,1013.1,4.5,16,0,0,0,10,Clear,clear-night,"E9060,KSMF,72483023232,72483993225,72483323206,KSAC,72057600174"
california,2024-07-19 05:00:00+00:00,18.6,18.6,11.7,64.38,0,0,,0,0,7.6,0,0,1013.4,0,16,0,0,0,10,Clear,clear-night,"E9060,KSMF,72483023232,72483993225,72483323206,KSAC,72057600174"
california,2024-07-19 06:00:00+00:00,18,18,12.1,68.2,0,0,,0,0,7.6,0.9,3,1013.8,8.1,15.9,0,0,0,10,Clear,clear-day,"E9060,KSMF,72483023232,72483993225,72483323206,KSAC,72057600174"
california,2024-07-19 07:00:00+00:00,18.7,18.7,12.7,68.3,0,0,,0,0,5.4,0,0,1013.9,8.1,16,9,0,0,10,Clear,clear-day,"E9060,KSMF,72483023232,72483993225,72483323206,KSAC,72057600174"
california,2024-07-19 08:00:00+00:00,21,21,12.8,59.54,0,0,,0,0,5.4,1.5,344,1014.3,14.4,16,25,0.1,0,10,Clear,clear-day,"E9060,KSMF,72483023232,72483993225,72483323206,KSAC,72057600174"
california,2024-07-19 09:00:00+00:00,23.8,23.8,13.1,51.3,0,0,,0,0,7.6,0,0,1014.5,8.1,16,56,0.2,1,10,Clear,clear-day,"E9060,KSMF,72483023232,72483993225,72483323206,KSAC,72057600174"
california,2024-07-19 10:00:00+00:00,27.5,27.4,13.5,42.26,0,0,,0,0,9.4,1.4,40,1014.3,0,16,76,0.3,1,10,Clear,clear-day,"E9060,KSMF,72483023232,72483993225,72483323206,KSAC,72057600174"
california,2024-07-19 11:00:00+00:00,31.1,29.9,11.9,30.84,0,0,,0,0,11.2,6.6,290,1014.1,0,16,93,0.3,1,10,Clear,clear-day,"E9060,KSMF,72483023232,72483993225,72483323206,KSAC,72057600174"
california,2024-07-19 12:00:00+00:00,34.5,32.8,10.1,22.72,0,0,,0,0,13,14,304,1013.8,0,16,104,0.4,1,10,Clear,clear-day,"E9060,KSMF,72483023232,72483993225,72483323206,KSAC,72057600174"
california,2024-07-19 13:00:00+00:00,36.7,35.2,10.7,20.8,0,0,,0,0,14.8,9,258,1013.3,0,16,109,0.4,1,10,Clear,clear-day,"E9060,KSMF,72483023232,72483993225,72483323206,KSAC,72057600174"
california,2024-07-19 14:00:00+00:00,38.3,36.6,9.6,17.8,0,0,,0,0,16.6,16.1,293,1012.7,0,16,107,0.4,1,10,Clear,clear-day,"E9060,KSMF,72483023232,72483993225,72483323206,KSAC,72057600174"
california,2024-07-19 15:00:00+00:00,40.5,38.4,7.8,13.96,0,0,,0,0,18.4,16.1,307,1012.2,0,16,100,0.4,1,10,Clear,clear-day,"E9060,KSMF,72483023232,72483993225,72483323206,KSAC,72057600174"
california,2024-07-19 16:00:00+00:00,41,38.6,6.9,12.75,0,0,,0,0,18.4,15.6,320,1011.3,0,16,88,0.3,1,10,Clear,clear-day,"E9060,KSMF,72483023232,72483993225,72483323206,KSAC,72057600174"
california,2024-07-19 17:00:00+00:00,40.1,38.2,8.7,15.09,0,0,,0,0,20.5,11.1,310,1010.6,0,16,70,0.3,1,10,Clear,clear-day,"E9060,KSMF,72483023232,72483993225,72483323206,KSAC,72057600174"
california,2024-07-19 18:00:00+00:00,39.2,37.9,11,18.52,0,0,,0,0,20.5,11.8,211,1010,0,16,49,0.2,0,10,Clear,clear-day,"E9060,KSMF,72483023232,72483993225,72483323206,KSAC,72057600174"
california,2024-07-19 19:00:00+00:00,37.7,36.1,10.3,19.2,0,0,,0,0,20.5,15.3,206,1010,0,16,26,0.1,0,10,Clear,clear-day,"E9060,KSMF,72483023232,72483993225,KSAC,72057600174"
california,2024-07-19 20:00:00+00:00,34.8,33.4,11.6,24.64,0,0,,0,0,20.5,12.6,192,1010,0,16,0,0,0,10,Clear,clear-day,"E9060,KSMF,72483023232,72483993225,72483323206,KSAC,72057600174"
california,2024-07-19 21:00:00+00:00,30.9,29.6,11.2,29.85,0,0,,0,0,18.4,14.6,201,1010.3,0,16,0,0,0,10,Clear,clear-night,"E9060,KSMF,72483023232,72483993225,72483323206,KSAC,72057600174"
california,2024-07-19 22:00:00+00:00,28.5,27.7,11,33.58,0,0,,0,0,16.6,13.2,206,1010.8,0,16,0,0,0,10,Clear,clear-night,"E9060,KSMF,72483023232,72483993225,KSAC,72057600174"
california,2024-07-19 23:00:00+00:00,26.3,26.3,10.8,37.89,0,0,,0,0,16.6,9.7,209,1010.5,0,16,0,0,0,10,Clear,clear-night,"E9060,KSMF,72483023232,72483993225,72483323206,KSAC,72057600174"
california,2024-07-20 00:00:00+00:00,24.2,24.2,11.8,45.91,0,0,,0,0,14.8,7.6,137,1010.8,0,16,0,0,0,10,Clear,clear-night,"E9060,KSMF,72483023232,72483993225,72483323206,KSAC,72057600174"
california,2024-07-20 01:00:00+00:00,23.9,23.9,11,44.23,0,0,,0,0,14.8,7.6,152,1010.5,0,16,0,0,0,10,Clear,clear-night,"E9060,KSMF,72483023232,72483993225,72483323206,KSAC,72057600174"
california,2024-07-20 02:00:00+00:00,23.7,23.7,10.7,43.84,0,0,,0,0,13,7.5,192,1010.3,0,16,0,0,0,10,Clear,clear-night,"E9060,KSMF,72483023232,72483993225,72483323206,KSAC,72057600174"
california,2024-07-20 03:00:00+00:00,22.9,22.9,11.1,47.26,0,0,,0,0,13,7.8,181,1010.3,0,16,0,0,0,10,Clear,clear-night,"E9060,KSMF,72483023232,72483993225,72483323206,KSAC,72057600174"
california,2024-07-20 04:00:00+00:00,21.8,21.8,11.1,50.78,0,0,,0,0,11.2,6.2,197,1010.3,0,16,0,0,0,10,Clear,clear-night,"E9060,KSMF,72483023232,72483993225,72483323206,KSAC,72057600174"
california,2024-07-20 05:00:00+00:00,20.1,20.1,12,59.73,0,0,,0,0,11.2,1.8,336,1010.3,0,16,0,0,0,10,Clear,clear-night,"E9060,KSMF,72483023232,72483993225,72483323206,KSAC,72057600174"
california,2024-07-20 06:00:00+00:00,18.9,18.9,11.9,63.83,0,0,,0,0,11.2,1.6,27,1010.7,4.5,16,0,0,0,10,Clear,clear-day,"E9060,KSMF,72483023232,72483993225,72483323206,KSAC,72057600174"
california,2024-07-20 07:00:00+00:00,19.6,19.6,12.9,65.52,0,0,,0,0,11.2,4.5,162,1011.1,8.1,16,7,0,0,10,Clear,clear-day,"E9060,KSMF,72483023232,72483993225,72483323206,KSAC,72057600174"
california,2024-07-20 08:00:00+00:00,21.1,21.1,12.9,59.63,0,0,,0,0,13,0.9,325,1011.7,14.4,15.5,28,0.1,0,10,Clear,clear-day,"E9060,KSMF,72483023232,72483993225,72483323206,KSAC,72057600174"
california,2024-07-20 09:00:00+00:00,23.6,23.6,13.1,51.88,0,0,,0,0,14.8,1.5,40,1012.1,14.4,15.7,44,0.2,0,10,Clear,clear-day,"E9060,KSMF,72483023232,72483993225,72483323206,KSAC,72057600174"
california,2024-07-20 10:00:00+00:00,26.2,26.2,13.9,46.47,0,0,,0,0,14.8,8.1,152,1012.1,14.4,16,69,0.2,1,10,Clear,clear-day,"E9060,KSMF,72483023232,72483993225,72483323206,KSAC,72057600174"
california,2024-07-20 11:00:00+00:00,29.4,29,14.5,40.46,0,0,,0,0,16.6,10.2,198,1011.9,14.4,16,86,0.3,1,10,Clear,clear-day,"E9060,KSMF,72483023232,72483993225,72483323206,KSAC,72057600174"
california,2024-07-20 12:00:00+00:00,32.1,31.6,14.7,34.98,0,0,,0,0,20.5,9.3,210,1011.5,14.4,16,98,0.4,1,10,Clear,clear-day,"E9060,KSMF,72483023232,72483993225,72483323206,KSAC,72057600174"
california,2024-07-20 13:00:00+00:00,34.8,33.9,13.5,27.78,0,0,,0,0,22.3,7.8,207,1010.9,8.1,16,107,0.4,1,10,Clear,clear-day,"E9060,KSMF,72483023232,72483993225,72483323206,KSAC,72057600174"
california,2024-07-20 14:00:00+00:00,36.7,36.1,13.7,25.39,0,0,,0,0,24.1,9.4,170,1010.4,4.5,16,105,0.4,1,10,Clear,clear-day,"E9060,KSMF,72483023232,72483993225,72483323206,KSAC,72057600174"
california,2024-07-20 15:00:00+00:00,37.6,37,13.5,23.83,0,0,,0,0,25.9,15.1,221,1009.7,0,16,98,0.4,1,5,Clear,clear-day,"E9060,KSMF,72483023232,72483993225,72483323206,KSAC,72057600174"
california,2024-07-20 16:00:00+00:00,38.4,37.7,12.9,21.91,0,0,,0,0,29.5,16.9,216,1009.2,4.5,16,84,0.3,1,5,Clear,clear-day,"E9060,KSMF,72483023232,72483993225,72483323206,KSAC,72057600174"
california,2024-07-20 17:00:00+00:00,37.9,36.8,12,21.28,0,0,,0,0,31.7,16.4,204,1008.7,0,15.9,67,0.2,1,10,Clear,clear-day,"E9060,KSMF,72483023232,72483993225,72483323206,KSAC,72057600174"
california,2024-07-20 18:00:00+00:00,36,35.4,13.9,26.69,0,0,,0,0,29.5,16,192,1008.5,0,16,47,0.2,0,10,Clear,clear-day,"E9060,KSMF,72483023232,72483993225,72483323206,KSAC,72057600174"
california,2024-07-20 19:00:00+00:00,33.1,32.5,14.3,32.21,0,0,,0,0,27.7,19.6,195,1008.8,0,16,26,0.1,0,10,Clear,clear-day,"E9060,KSMF,72483023232,72483993225,72483323206,KSAC,72057600174"
california,2024-07-20 20:00:00+00:00,29.1,28.6,13.9,39.46,0,0,,0,0,35.3,21.3,207,1008.9,0,16,0,0,0,10,Clear,clear-day,"E9060,KSMF,72483023232,72483993225,72483323206,KSAC,72057600174"
california,2024-07-20 21:00:00+00:00,26.2,26.2,13.4,45.1,0,0,,0,0,25.9,16.3,193,1009.5,0,16,0,0,0,10,Clear,clear-night,"E9060,KSMF,72483023232,72483993225,72483323206,KSAC,72057600174"
california,2024-07-20 22:00:00+00:00,24.9,24.9,13,47.39,0,0,,0,0,24.1,10.8,176,1010.1,0,16,0,0,0,10,Clear,clear-night,"E9060,KSMF,72483023232,72483993225,72483323206,KSAC,72057600174"
california,2024-07-20 23:00:00+00:00,23.6,23.6,12.8,50.67,0,0,,0,0,31.7,16.5,182,1009.9,0,16,0,0,0,10,Clear,clear-night,"E9060,KSMF,72483023232,72483993225,72483323206,KSAC,72057600174"
california,2024-07-21 00:00:00+00:00,22.3,22.3,12.3,53.27,0,0,,0,0,24.1,7.2,161,1010.4,0,16,0,0,0,10,Clear,clear-night,"E9060,KSMF,72483023232,72483993225,72483323206,KSAC,72057600174"
california,2024-07-21 01:00:00+00:00,21.4,21.4,12.2,55.76,0,0,,0,0,24.1,10.8,184,1010.5,0,16,0,0,0,10,Clear,clear-night,"E9060,KSMF,72483023232,72483993225,72483323206,KSAC,72057600174"
california,2024-07-21 02:00:00+00:00,19.8,19.8,12.2,61.31,0,0,,0,0,24.1,11,177,1010.4,0,16,0,0,0,10,Clear,clear-night,"E9060,KSMF,72483023232,72483993225,72483323206,KSAC,72057600174"
california,2024-07-21 03:00:00+00:00,19.3,19.3,12.2,63.47,0,0,,0,0,22.3,10.9,133,1010.5,0,16,0,0,0,10,Clear,clear-night,"E9060,KSMF,72483023232,72483993225,72483323206,KSAC,72057600174"
california,2024-07-21 04:00:00+00:00,18.7,18.7,12.6,67.93,0,0,,0,0,20.5,11.6,159,1010.4,0,16,0,0,0,10,Clear,clear-night,"E9060,KSMF,72483023232,72483993225,72483323206,KSAC,72057600174"
california,2024-07-21 05:00:00+00:00,18.1,18.1,12.2,68.42,0,0,,0,0,18.4,10.1,171,1010.6,0,16,0,0,0,10,Clear,clear-night,"E9060,KSMF,72483023232,72483993225,72483323206,KSAC,72057600174"
california,2024-07-21 06:00:00+00:00,17.3,17.3,12.1,71.52,0,0,,0,0,18.4,10.3,175,1010.8,0,16,0,0,0,10,Clear,clear-day,"E9060,KSMF,72483023232,72483993225,72483323206,KSAC,72057600174"
california,2024-07-21 07:00:00+00:00,17.4,17.4,12.2,71.41,0,0,,0,0,18.4,10.5,163,1011.3,0,16,5,0,0,10,Clear,clear-day,"E9060,KSMF,72483023232,72483993225,72483323206,KSAC,72057600174"
california,2024-07-21 08:00:00+00:00,18.6,18.6,12.2,66.5,0,0,,0,0,18.4,15.2,186,1011.8,0,16,32,0.1,0,10,Clear,clear-day,"E9060,KSMF,72483023232,72483993225,72483323206,KSAC,72057600174"
california,2024-07-21 09:00:00+00:00,20.3,20.3,12.8,62.14,0,0,,0,0,16.6,14.5,192,1012.2,0,16,54,0.2,1,10,Clear,clear-day,"E9060,KSMF,72483023232,72483993225,72483323206,KSAC,72057600174"
california,2024-07-21 10:00:00+00:00,22.4,22.4,13.2,55.89,0,0,,0,0,16.6,12.7,200,1012.2,0,16,74,0.3,1,10,Clear,clear-day,"E9060,KSMF,72483023232,72483993225,72483323206,KSAC,72057600174"
california,2024-07-21 11:00:00+00:00,24.3,24.3,13.3,50.25,0,0,,0,0,16.6,11.1,186,1012.2,0,16,91,0.3,1,10,Clear,clear-day,"E9060,KSMF,72483023232,72483993225,72483323206,KSAC,72057600174"
california,2024-07-21 12:00:00+00:00,27.4,27.4,13.8,43.09,0,0,,0,0,18.4,15.7,212,1011.7,0,16,102,0.4,1,10,Clear,clear-day,"E9060,KSMF,72483023232,72483993225,72483323206,KSAC,72057600174"
california,2024-07-21 13:00:00+00:00,29.2,28.8,14.2,40.06,0,0,,0,0,20.5,10.6,205,1011.3,0,16,107,0.4,1,10,Clear,clear-day,"E9060,KSMF,72483023232,72483993225,72483323206,KSAC,72057600174"
california,2024-07-21 14:00:00+00:00,30.5,30.2,15.1,39.26,0,0,,0,0,27.7,13.8,200,1010.9,0,16,105,0.4,1,10,Clear,clear-day,"E9060,KSMF,72483023232,72483993225,KSAC,72057600174"
california,2024-07-21 15:00:00+00:00,32.4,32,15.1,35.44,0,0,,0,0,22.3,16.2,212,1010.2,4.6,16,98,0.4,1,10,Clear,clear-day,"E9060,KSMF,72483023232,72483993225,72483323206,KSAC"
california,2024-07-21 16:00:00+00:00,32.8,32.4,15,34.15,0,0,,0,0,24.1,13.1,190,1009.7,4.5,16,86,0.3,1,10,Clear,clear-day,"E9060,KSMF,72483023232,72483993225,72483323206,KSAC,72057600174"
california,2024-07-21 17:00:00+00:00,33.4,33,14.9,32.99,0,0,,0,0,24.1,13.9,200,1009,0,16,69,0.2,1,10,Clear,clear-day,"E9060,KSMF,72483023232,72483993225,72483323206,KSAC,72057600174"
california,2024-07-21 18:00:00+00:00,32.8,32.4,14.9,34.14,0,0,,0,0,22.3,12.2,190,1008.5,0,16,47,0.2,0,10,Clear,clear-day,"E9060,KSMF,72483023232,72483993225,72483323206,KSAC,72057600174"
california,2024-07-21 19:00:00+00:00,31.6,31.3,15.3,37.53,0,0,,0,0,22.3,13,198,1008.5,0,16,26,0.1,0,10,Clear,clear-day,"E9060,KSMF,72483023232,72483993225,72483323206,KSAC,72057600174"
california,2024-07-21 20:00:00+00:00,28.8,28.6,14.8,42.54,0,0,,0,0,22.3,15.6,198,1008.5,0,16,0,0,0,10,Clear,clear-day,"E9060,KSMF,72483023232,72483993225,72483323206,KSAC,72057600174"
california,2024-07-21 21:00:00+00:00,26.1,26.1,14.1,47.45,0,0,,0,0,20.5,16.7,199,1008.6,0,16,0,0,0,10,Clear,clear-night,"E9060,KSMF,72483023232,72483993225,72483323206,KSAC,72057600174"
california,2024-07-21 22:00:00+00:00,23.6,23.6,13.8,54.17,0,0,,0,0,18.4,9.6,181,1008.9,0,16,0,0,0,10,Clear,clear-night,"E9060,KSMF,72483023232,72483993225,72483323206,KSAC,72057600174"
california,2024-07-21 23:00:00+00:00,22.9,22.9,13.4,55.02,0,0,,0,0,18.4,8.4,177,1008.8,0,16,0,0,0,10,Clear,clear-night,"E9060,KSMF,72483023232,72483993225,72483323206,KSAC,72057600174"
california,2024-07-22 00:00:00+00:00,21.9,21.9,13.4,58.55,0,0,,0,0,16.6,7.9,166,1008.7,0,16,0,0,0,10,Clear,clear-night,"E9060,KSMF,72483023232,72483993225,72483323206,KSAC,72057600174"
california,2024-07-22 01:00:00+00:00,21,21,13.3,61.47,0,0,,0,0,14.8,8.3,167,1008.6,0,16,0,0,0,10,Clear,clear-night,"E9060,KSMF,72483023232,72483993225,72483323206,KSAC,72057600174"
california,2024-07-22 02:00:00+00:00,19.6,19.6,13,65.7,0,0,,0,0,13,7,179,1008.6,0,16,0,0,0,10,Clear,clear-night,"E9060,KSMF,72483023232,72483993225,72483323206,KSAC,72057600174"
california,2024-07-22 03:00:00+00:00,18.6,18.6,13,69.84,0,0,,0,0,11.2,5.9,184,1008.5,0,16,0,0,0,10,Clear,clear-night,"E9060,KSMF,72483023232,72483993225,72483323206,KSAC,72057600174"
california,2024-07-22 04:00:00+00:00,18.3,18.3,13,71.32,0,0,,0,0,9.4,9.8,190,1008.7,0,16,0,0,0,10,Clear,clear-night,"E9060,KSMF,72483023232,72483993225,72483323206,KSAC,72057600174"
california,2024-07-22 05:00:00+00:00,17.1,17.1,13,76.88,0,0,,0,0,9.4,5.2,132,1008.8,0,16,0,0,0,10,Clear,clear-night,"E9060,KSMF,72483023232,72483993225,72483323206,KSAC,72057600174"
california,2024-07-22 06:00:00+00:00,16.8,16.8,13,78.13,0,0,,0,0,9.4,1.3,314,1009.2,0,16,0,0,0,10,Clear,clear-day,"E9060,KSMF,72483023232,72483993225,72483323206,KSAC,72057600174"
california,2024-07-22 07:00:00+00:00,17.6,17.6,13.5,76.82,0,0,,0,0,9.4,0,0,1009.3,0,16,5,0,0,10,Clear,clear-day,"E9060,KSMF,72483023232,72483993225,72483323206,KSAC,72057600174"
california,2024-07-22 08:00:00+00:00,20,20,13.8,67.46,0,0,,0,0,9.4,0,0,1009.8,0,16,32,0.1,0,10,Clear,clear-day,"E9060,KSMF,72483023232,72483993225,72483323206,KSAC,72057600174"
california,2024-07-22 09:00:00+00:00,22.9,22.9,14.2,57.84,0,0,,0,0,9.4,1.4,339,1010.1,0,16,53,0.2,1,10,Clear,clear-day,"E9060,KSMF,72483023232,72483993225,72483323206,KSAC,72057600174"
california,2024-07-22 10:00:00+00:00,26.2,26.2,14.9,49.52,0,0,,0,0,9.4,1.4,23,1009.9,0,15.9,74,0.3,1,10,Clear,clear-day,"E9060,KSMF,72483023232,72483993225,72483323206,KSAC,72057600174"
california,2024-07-22 11:00:00+00:00,29.1,29.2,15.8,44.58,0,0,,0,0,11.2,4,0,1009.8,4.5,16,90,0.3,1,10,Clear,clear-day,"E9060,KSMF,72483023232,72483993225,72483323206,KSAC,72057600174"
california,2024-07-22 12:00:00+00:00,32.6,32.8,16.3,37.63,0,0,,0,0,13,7.2,214,1009.4,0,16,100,0.4,1,10,Clear,clear-day,"E9060,KSMF,72483023232,72483993225,72483323206,KSAC,72057600174"
california,2024-07-22 13:00:00+00:00,34.7,34.8,16,32.84,0,0,,0,0,14.8,1.4,0,1009,0.9,16,105,0.4,1,10,Clear,clear-day,"E9060,KSMF,72483023232,72483993225,72483323206,KSAC,72057600174"
california,2024-07-22 14:00:00+00:00,36.9,36.9,15.1,27.42,0,0,,0,0,16.6,5.8,260,1008.5,0.9,16,105,0.4,1,10,Clear,clear-day,"E9060,KSMF,72483023232,72483993225,72483323206,KSAC,72057600174"
california,2024-07-22 15:00:00+00:00,38.6,38.3,14.1,23.51,0,0,,0,0,18.4,6.9,260,1007.7,0,16,97,0.3,1,10,Clear,clear-day,"E9060,KSMF,72483023232,72483993225,72483323206,KSAC,72057600174"
california,2024-07-22 16:00:00+00:00,39.5,38.7,12.5,20.21,0,0,,0,0,20.5,11.1,233,1007.1,0,16,86,0.3,1,10,Clear,clear-day,"E9060,KSMF,72483023232,72483993225,72483323206,KSAC,72057600174"
california,2024-07-22 17:00:00+00:00,39.7,39.1,12.9,20.51,0,0,,0,0,20.5,12.1,243,1006.4,0,16,69,0.2,1,10,Clear,clear-day,"E9060,KSMF,72483023232,72483993225,72483323206,KSAC,72057600174"
california,2024-07-22 18:00:00+00:00,39.7,38.3,10.7,17.8,0,0,,0,0,22.3,7.8,234,1005.9,0,16,47,0.2,0,10,Clear,clear-day,"E9060,KSMF,72483023232,72483993225,72483323206,KSAC,72057600174"
california,2024-07-22 19:00:00+00:00,37.1,37.1,14.9,26.67,0,0,,0,0,22.3,12.6,208,1005.8,0,16,26,0.1,0,10,Clear,clear-day,"E9060,KSMF,72483023232,72483993225,72483323206,KSAC,72057600174"
california,2024-07-22 20:00:00+00:00,33.7,33.6,15.7,34.21,0,0,,0,0,22.3,14.1,198,1006.2,0,16,0,0,0,10,Clear,clear-day,"E9060,KSMF,72483023232,72483993225,72483323206,KSAC,72057600174"
california,2024-07-22 21:00:00+00:00,29.9,29.8,15.6,42.04,0,0,,0,0,20.5,13.2,199,1006.4,0,16,0,0,0,10,Clear,clear-night,"E9060,KSMF,72483023232,72483993225,72483323206,KSAC,72057600174"
california,2024-07-22 22:00:00+00:00,27.5,27.7,15.1,46.64,0,0,,0,0,18.4,12.3,206,1006.9,0,16,0,0,0,10,Clear,clear-night,"E9060,KSMF,72483023232,72483993225,72483323206,KSAC,72057600174"
california,2024-07-22 23:00:00+00:00,25.9,25.9,14.4,49.22,0,0,,0,0,16.6,8.6,184,1007.3,0,16,0,0,0,10,Clear,clear-night,"E9060,KSMF,72483023232,72483993225,72483323206,KSAC,72057600174"
california,2024-07-23 00:00:00+00:00,25.4,25.4,14,49.11,0,0,,0,0,14.8,7.2,150,1007.5,0.9,16,0,0,0,10,Clear,clear-night,"E9060,KSMF,72483023232,72483993225,72483323206,KSAC,72057600174"
california,2024-07-23 01:00:00+00:00,25.6,25.6,13.6,47.3,0,0,,0,0,13,8.8,155,1007.8,2.6,16,0,0,0,10,Clear,clear-night,"E9060,KSMF,72483023232,72483993225,72483323206,KSAC,72057600174"
california,2024-07-23 02:00:00+00:00,25.5,25.5,13.8,48.31,0,0,,0,0,14.8,7.2,148,1007.9,1.4,16,0,0,0,10,Clear,clear-night,"E9060,KSMF,72483023232,72483993225,72483323206,KSAC,72057600174"
california,2024-07-23 03:00:00+00:00,25.1,25.1,12.4,45.26,0,0,,0,0,13,8.5,151,1008,1.4,16,0,0,0,10,Clear,clear-night,"E9060,KSMF,72483023232,72483993225,72483323206,KSAC,72057600174"
california,2024-07-23 04:00:00+00:00,24.3,24.3,11,43.37,0,0,,0,0,11.2,9.4,139,1008.3,2.6,16,0,0,0,10,Clear,clear-night,"E9060,KSMF,72483023232,72483993225,72483323206,KSAC,72057600174"
california,2024-07-23 05:00:00+00:00,24.2,24.2,10.7,42.68,0,0,,0,0,11.2,9,158,1008.7,2.6,16,0,0,0,10,Clear,clear-night,"E9060,KSMF,72483023232,72483993225,72483323206,KSAC,72057600174"
california,2024-07-23 06:00:00+00:00,24.3,24.3,11,43.26,0,0,,0,0,9.4,9.7,156,1009.3,2.8,16,0,0,0,10,Clear,clear-night,"E9060,KSMF,72483023232,72483993225,KSAC,72057600174"
california,2024-07-23 07:00:00+00:00,24.9,24.9,11.8,43.84,0,0,,0,0,9.4,8.5,159,1009.9,2.6,16,5,0,0,10,Clear,clear-day,"E9060,KSMF,72483023232,72483993225,72483323206,KSAC,72057600174"
california,2024-07-23 08:00:00+00:00,26.4,26.4,11.6,39.79,0,0,,0,0,9.4,8,196,1010.4,0,16,32,0.1,0,10,Clear,clear-day,"E9060,KSMF,72483023232,72483993225,72483323206,KSAC,72057600174"
california,2024-07-23 09:00:00+00:00,27.2,27.1,13.1,41.6,0,0,,0,0,9.4,9.4,221,1010.8,4.5,16,53,0.2,1,10,Clear,clear-day,"E9060,KSMF,72483023232,72483993225,72483323206,KSAC,72057600174"
california,2024-07-23 10:00:00+00:00,29.4,29.1,14.6,40.43,0,0,,0,0,11.2,7.6,196,1011,8.1,16,74,0.3,1,10,Clear,clear-day,"E9060,KSMF,72483023232,72483993225,72483323206,KSAC,72057600174"
california,2024-07-23 11:00:00+00:00,32.9,32.5,14.9,33.73,0,0,,0,0,13,10.8,201,1011,8.1,16,90,0.3,1,10,Clear,clear-day,"E9060,KSMF,72483023232,72483993225,72483323206,KSAC,72057600174"
california,2024-07-23 12:00:00+00:00,35,36.1,17.6,35.64,0,0,,0,0,16.6,9.2,248,1010.7,8.1,16,100,0.4,1,5,Clear,clear-day,"E9060,KSMF,72483023232,72483993225,72483323206,KSAC,72057600174"
california,2024-07-23 13:00:00+00:00,36.9,36.2,13.5,24.72,0,0,,0,0,20.5,8.6,330,1010.5,9.6,16,105,0.4,1,10,Clear,clear-day,"E9060,KSMF,72483023232,72483993225,72483323206,KSAC,72057600174"
california,2024-07-23 14:00:00+00:00,39.3,38.6,12.6,20.52,0,0,,0,0,22.3,12.8,256,1010.1,4.6,16,104,0.4,1,5,Clear,clear-day,"E9060,KSMF,72483023232,72483993225,72483323206,KSAC"
california,2024-07-23 15:00:00+00:00,40.1,38.5,10.1,16.66,0,0,,0,0,27.7,15.4,210,1009.6,4.6,16,97,0.3,1,10,Clear,clear-day,"E9060,KSMF,72483023232,72483993225,72483323206,KSAC"
california,2024-07-23 16:00:00+00:00,41.4,39.2,7.9,13.4,0,0,,0,0,27.7,12.7,223,1009.2,0,16,84,0.3,1,10,Clear,clear-day,"E9060,KSMF,72483023232,72483993225,72483323206,KSAC"
california,2024-07-23 17:00:00+00:00,41.8,39.3,6.6,11.98,0,0,,0,0,29.5,15.7,211,1008.9,0,16,67,0.2,1,10,Clear,clear-day,"E9060,KSMF,72483023232,72483993225,72483323206,KSAC"
california,2024-07-23 18:00:00+00:00,41.1,38.9,7.7,13.43,0,0,,0,0,31.3,14.8,234,1008.8,0,16,47,0.2,0,10,Clear,clear-day,"E9060,KSMF,72483023232,72483993225,72483323206,KSAC"
california,2024-07-23 19:00:00+00:00,39.3,37.2,7.9,14.95,0,0,,0,0,27.7,15.1,210,1009.1,0,16,25,0.1,0,10,Clear,clear-day,"E9060,KSMF,72483023232,72483993225,72483323206,KSAC"
california,2024-07-23 20:00:00+00:00,36.1,34.6,11,21.95,0,0,,0,0,25.9,13.3,198,1009.7,0,16,0,0,0,10,Clear,clear-day,"E9060,KSMF,72483023232,72483993225,72483323206,KSAC,72057600174"
california,2024-07-23 21:00:00+00:00,31.7,30.4,11.7,29.46,0,0,,0,0,22.3,14.1,206,1010.2,0,16,0,0,0,10,Clear,clear-night,"E9060,KSMF,72483023232,72483993225,72483323206,KSAC,72057600174"
california,2024-07-23 22:00:00+00:00,29.8,28.7,11.4,32.16,0,0,,0,0,20.5,12.8,216,1011,0,16,0,0,0,10,Clear,clear-night,"E9060,KSMF,72483023232,72483993225,72483323206,KSAC,72057600174"
california,2024-07-23 23:00:00+00:00,28.3,27.4,10.4,32.97,0,0,,0,0,18.4,6.9,190,1011.5,0,16,0,0,0,10,Clear,clear-night,"E9060,KSMF,72483023232,72483993225,72483323206,KSAC,72057600174"
california,2024-07-24 00:00:00+00:00,26.7,26.4,10.1,35.35,0,0,,0,0,16.6,12,202,1011.8,0,16,0,0,0,10,Clear,clear-night,"E9060,KSMF,72483023232,72483993225,72483323206,KSAC,72057600174"
california,2024-07-24 01:00:00+00:00,25.4,25.4,10.5,39.29,0,0,,0,0,16.6,3.9,51,1011.9,0,16,0,0,0,10,Clear,clear-night,"E9060,KSMF,72483023232,72483993225,72483323206,KSAC,72057600174"
california,2024-07-24 02:00:00+00:00,24.9,24.9,9.9,38.65,0,0,,0,0,14.8,7.6,136,1011.9,7.1,16,0,0,0,10,Clear,clear-night,"E9060,KSMF,72483023232,72483993225,72483323206,KSAC,72057600174"
california,2024-07-24 03:00:00+00:00,24.8,24.8,8.6,35.93,0,0,,0,0,14.8,6.4,132,1012,7.4,16,0,0,0,10,Clear,clear-night,"E9060,KSMF,72483023232,72483993225,72483323206,KSAC,72057600174"
california,2024-07-24 04:00:00+00:00,24.7,24.7,7.8,34.07,0,0,,0,0,16.6,6.6,175,1012,2.9,16,0,0,0,10,Clear,clear-night,"E9060,KSMF,72483023232,72483993225,72483323206,KSAC,72057600174"
california,2024-07-24 05:00:00+00:00,24.5,24.5,6.9,32.36,0,0,,0,0,16.6,8.8,196,1012.4,2.6,16,0,0,0,10,Clear,clear-night,"E9060,KSMF,72483023232,72483993225,72483323206,KSAC,72057600174"
california,2024-07-24 06:00:00+00:00,24.6,24.6,4.4,27.22,0,0,,0,0,16.6,4.7,47,1013.2,2.6,16,0,0,0,10,Clear,clear-night,"E9060,KSMF,72483023232,72483993225,72483323206,KSAC,72057600174"
california,2024-07-24 07:00:00+00:00,25.6,25.6,6.6,29.59,0,0,,0,0,16.6,12.8,140,1013.5,20.4,16,5,0,0,10,Partially cloudy,partly-cloudy-day,"E9060,KSMF,72483993225,72483323206,72057600174"
california,2024-07-24 08:00:00+00:00,28,26.9,5.6,24.11,0,0,,0,0,18.4,13.7,160,1013.9,17.1,16,32,0.1,0,10,Clear,clear-day,"E9060,KSMF,72483993225,72483323206,72057600174"
california,2024-07-24 09:00:00+00:00,29.6,28.1,6.7,23.57,0,0,,0,0,20.5,10.3,170,1014.6,23.3,16,51,0.2,1,10,Partially cloudy,partly-cloudy-day,"E9060,KSMF,72483023232,72483993225,KSAC,72057600174"
california,2024-07-24 10:00:00+00:00,31.6,29.6,6.3,20.6,0,0,,0,0,29.5,16.4,186,1014.7,14.4,16,74,0.3,1,10,Clear,clear-day,"E9060,KSMF,72483023232,72483993225,72483323206,KSAC,72057600174"
california,2024-07-24 11:00:00+00:00,33.1,31,7.1,20.02,0,0,,0,0,24.1,14.7,190,1014.9,14.4,16,86,0.3,1,10,Clear,clear-day,"E9060,KSMF,72483023232,72483993225,72483323206,KSAC,72057600174"
california,2024-07-24 12:00:00+00:00,34.3,32.2,7.9,19.67,0,0,,0,0,25.9,16.3,197,1015,14.4,16,83,0.3,1,10,Clear,clear-day,"E9060,KSMF,72483023232,72483993225,72483323206,KSAC,72057600174"
california,2024-07-24 13:00:00+00:00,35.9,33.5,5.9,15.74,0,0,,0,0,27.7,18.4,196,1014.9,15.9,16,105,0.4,1,10,Clear,clear-day,"E9060,KSMF,72483023232,72483993225,72483323206,KSAC,72057600174"
california,2024-07-24 14:00:00+00:00,38.4,35.9,5.8,13.63,0,0,,0,0,29.5,18.3,208,1014.5,14.4,16,107,0.4,1,10,Clear,clear-day,"E9060,KSMF,72483023232,72483993225,72483323206,KSAC,72057600174"
california,2024-07-24 15:00:00+00:00,38.6,36.5,8.2,15.88,0,0,,0,0,33.5,21.7,211,1014.1,8.1,16,97,0.3,1,10,Clear,clear-day,"E9060,KSMF,72483023232,72483993225,72483323206,KSAC,72057600174"
california,2024-07-24 16:00:00+00:00,38.7,37.4,11.4,19.59,0,0,,0,0,38.9,23.2,218,1013.5,4.5,16,83,0.3,1,10,Clear,clear-day,"E9060,KSMF,72483023232,72483993225,72483323206,KSAC,72057600174"
california,2024-07-24 17:00:00+00:00,38,36.9,12.1,21.21,0,0,,0,0,37.1,24.4,200,1013.1,4.5,16,65,0.2,1,10,Clear,clear-day,"E9060,KSMF,72483023232,72483993225,72483323206,KSAC,72057600174"
california,2024-07-24 18:00:00+00:00,36.5,35.2,11.8,22.76,0,0,,0,0,37.1,19.2,208,1012.8,0,16,46,0.2,0,10,Clear,clear-day,"E9060,KSMF,72483023232,72483993225,72483323206,KSAC,72057600174"
california,2024-07-24 19:00:00+00:00,34.6,32.8,10,22.38,0,0,,0,0,29.5,16.7,188,1013,0,16,25,0.1,0,10,Clear,clear-day,"E9060,KSMF,72483023232,72483993225,72483323206,KSAC,72057600174"
california,2024-07-24 20:00:00+00:00,31.7,30,8.9,24.44,0,0,,0,0,25.9,14.8,190,1013.4,0,16,0,0,0,10,Clear,clear-day,"E9060,KSMF,72483023232,72483993225,72483323206,KSAC,72057600174"
california,2024-07-24 21:00:00+00:00,29.6,28.1,7.1,24.32,0,0,,0,0,31.7,13.7,198,1013.7,0,16,0,0,0,10,Clear,clear-night,"E9060,KSMF,72483023232,72483993225,72483323206,KSAC,72057600174"
california,2024-07-24 22:00:00+00:00,27.5,26.6,6.9,27.23,0,0,,0,0,22.3,13.6,196,1014.3,0,16,0,0,0,10,Clear,clear-night,"E9060,KSMF,72483023232,72483993225,72483323206,KSAC,72057600174"
california,2024-07-24 23:00:00+00:00,25.8,25.8,8.5,33.53,0,0,,0,0,20.5,16.9,198,1014.4,0,16,0,0,0,10,Clear,clear-night,"E9060,KSMF,72483023232,72483993225,72483323206,KSAC,72057600174"
california,2024-07-25 00:00:00+00:00,24.6,24.6,10.2,40.3,0,0,,0,0,31.7,14.5,177,1014.6,2.6,16,0,0,0,10,Clear,clear-night,"E9060,KSMF,72483023232,72483993225,72483323206,KSAC,72057600174"
california,2024-07-25 01:00:00+00:00,23.9,23.9,10.5,42.84,0,0,,0,0,22.3,12.9,172,1014.8,2.6,16,0,0,0,10,Clear,clear-night,"E9060,KSMF,72483023232,72483993225,72483323206,KSAC,72057600174"
california,2024-07-25 02:00:00+00:00,23,23,11.5,48.49,0,0,,0,0,20.5,14.4,188,1014.8,9.6,16,0,0,0,10,Clear,clear-night,"E9060,KSMF,72483023232,72483993225,72483323206,KSAC,72057600174"
california,2024-07-25 03:00:00+00:00,22.3,22.3,12,51.97,0,0,,0,0,20.5,13.7,182,1014.7,17,16,0,0,0,10,Clear,clear-night,"E9060,KSMF,72483023232,72483993225,72483323206,KSAC,72057600174"
california,2024-07-25 04:00:00+00:00,21.7,21.7,12,54,0,0,,0,0,29.9,15.2,190,1014.9,15.9,16,0,0,0,10,Clear,clear-night,"E9060,KSMF,72483023232,72483993225,72483323206,KSAC,72057600174"
california,2024-07-25 05:00:00+00:00,21.5,21.5,11.6,53.34,0,0,,0,0,20.5,13.6,181,1015,15.9,16,0,0,0,10,Clear,clear-night,"E9060,KSMF,72483023232,72483993225,72483323206,KSAC,72057600174"
california,2024-07-25 06:00:00+00:00,21.1,21.1,12.1,56.55,0,0,,0,0,22.3,12.2,176,1015.5,17.3,16,0,0,0,10,Clear,clear-night,"E9060,KSMF,72483023232,72483993225,72483323206,KSAC,72057600174"
california,2024-07-25 07:00:00+00:00,21.2,21.2,12,55.93,0,0,,0,0,22.3,11.9,183,1015.7,10.7,16,11,0,0,10,Clear,clear-day,"E9060,KSMF,72483023232,72483993225,72483323206,KSAC,72057600174"
california,2024-07-25 08:00:00+00:00,22.4,22.4,12,51.72,0,0,,0,0,29.5,14.5,194,1016,7.4,16,33,0.1,0,10,Clear,clear-day,"E9060,KSMF,72483023232,72483993225,72483323206,KSAC,72057600174"
california,2024-07-25 09:00:00+00:00,24.8,24.8,11.9,44.61,0,0,,0,0,31.7,19.6,195,1016.4,2.6,16,54,0.2,1,10,Clear,clear-day,"E9060,KSMF,72483023232,72483993225,72483323206,KSAC,72057600174"
california,2024-07-25 10:00:00+00:00,27.3,26.9,10.9,36.07,0,0,,0,0,24.1,18.2,192,1016.5,4.5,16,74,0.3,1,10,Clear,clear-day,"E9060,KSMF,72483023232,72483993225,72483323206,KSAC,72057600174"
california,2024-07-25 11:00:00+00:00,29.8,28.5,10.3,29.85,0,0,,0,0,25.9,14.4,199,1016.6,0,16,91,0.3,1,10,Clear,clear-day,"E9060,KSMF,72483023232,72483993225,72483323206,KSAC,72057600174"
california,2024-07-25 12:00:00+00:00,32.1,30.5,9.5,24.78,0,0,,0,0,25.9,14.5,194,1016.5,0,16,104,0.4,1,10,Clear,clear-day,"E9060,KSMF,72483023232,72483993225,72483323206,KSAC,72057600174"
california,2024-07-25 13:00:00+00:00,33.9,31.8,7.3,19.42,0,0,,0,0,27.7,13.8,199,1016.1,0.9,16,109,0.4,1,10,Clear,clear-day,"E9060,KSMF,72483023232,72483993225,72483323206,KSAC,72057600174"
california,2024-07-25 14:00:00+00:00,35,33,8.1,19.14,0,0,,0,0,31.3,16.6,185,1015.6,0.9,16,107,0.4,1,10,Clear,clear-day,"E9060,KSMF,72483023232,72483993225,72483323206,KSAC,72057600174"
california,2024-07-25 15:00:00+00:00,36.2,34.2,8.2,18.07,0,0,,0,0,31.3,17.5,192,1014.8,0,16,100,0.4,1,10,Clear,clear-day,"E9060,KSMF,72483023232,72483993225,72483323206,KSAC,72057600174"
california,2024-07-25 16:00:00+00:00,36.8,35,9.4,18.99,0,0,,0,0,31.3,12.9,201,1014,0,16,88,0.3,1,10,Clear,clear-day,"E9060,KSMF,72483023232,72483993225,72483323206,KSAC,72057600174"
california,2024-07-25 17:00:00+00:00,37.6,35.8,9.3,18.04,0,0,,0,0,29.5,18.5,212,1013,0,16,70,0.3,1,10,Clear,clear-day,"E9060,KSMF,72483023232,72483993225,72483323206,KSAC,72057600174"
california,2024-07-25 18:00:00+00:00,36.2,34.9,11.6,22.71,0,0,,0,0,31.3,21.1,199,1012.2,0,16,49,0.2,0,10,Clear,clear-day,"E9060,KSMF,72483023232,72483993225,72483323206,KSAC,72057600174"
california,2024-07-25 19:00:00+00:00,34.4,32.9,11.4,24.85,0,0,,0,0,31.3,18.4,203,1011.9,0,16,26,0.1,0,10,Clear,clear-day,"E9060,KSMF,72483023232,72483993225,KSAC,72057600174"
california,2024-07-25 20:00:00+00:00,31.2,29.7,10.3,27.65,0,0,,0,0,27.7,17.8,197,1011.6,0,16,0,0,0,10,Clear,clear-day,"E9060,KSMF,72483023232,72483993225,72483323206,KSAC,72057600174"
california,2024-07-25 21:00:00+00:00,28.1,27.2,8.9,30.01,0,0,,0,0,27.7,12.1,204,1011.9,0,16,0,0,0,10,Clear,clear-night,"E9060,KSMF,72483023232,72483993225,72483323206,KSAC,72057600174"
california,2024-07-25 22:00:00+00:00,25.8,25.8,8.3,32.88,0,0,,0,0,25.9,13.2,205,1012.3,0,16,0,0,0,10,Clear,clear-night,"E9060,KSMF,72483023232,72483993225,KSAC,72057600174"
california,2024-07-25 23:00:00+00:00,23.4,23.4,8.4,38.54,0,0,,0,0,24.1,15.7,191,1012.3,1.4,16,0,0,0,10,Clear,clear-night,"E9060,KSMF,72483023232,72483993225,72483323206,KSAC,72057600174"
california,2024-07-26 00:00:00+00:00,23.1,23.1,8.3,38.83,0,0,,0,0,25.9,12.2,180,1012.7,0.9,16,0,0,0,10,Clear,clear-night,"E9060,KSMF,72483023232,72483993225,72483323206,KSAC,72057600174"
california,2024-07-26 01:00:00+00:00,22.3,22.3,8.6,41.57,0,0,,0,0,25.9,9.3,140,1012.8,0,16,0,0,0,10,Clear,clear-night,"E9060,KSMF,72483023232,72483993225,72483323206,KSAC,72057600174"
california,2024-07-26 02:00:00+00:00,21.7,21.7,8.2,42.1,0,0,,0,0,22.3,12,151,1012.3,0.9,16,0,0,0,10,Clear,clear-night,"E9060,KSMF,72483023232,72483993225,72483323206,KSAC,72057600174"
california,2024-07-26 03:00:00+00:00,21.2,21.2,7.3,40.68,0,0,,0,0,20.5,9.2,159,1012,1.4,16,0,0,0,10,Clear,clear-night,"E9060,KSMF,72483023232,72483993225,72483323206,KSAC,72057600174"
california,2024-07-26 04:00:00+00:00,20,20,7.3,43.86,0,0,,0,0,18.4,9.1,157,1011.7,0.9,16,0,0,0,10,Clear,clear-night,"E9060,KSMF,72483023232,72483993225,72483323206,KSAC,72057600174"
california,2024-07-26 05:00:00+00:00,19.8,19.8,7.3,44.35,0,0,,0,0,18.4,11.6,167,1011.7,0.9,16,0,0,0,10,Clear,clear-night,"E9060,KSMF,72483023232,72483993225,72483323206,KSAC,72057600174"
california,2024-07-26 06:00:00+00:00,19.8,19.8,7,43.24,0,0,,0,0,18.4,8.9,158,1011.6,0,16,0,0,0,10,Clear,clear-night,"E9060,KSMF,72483023232,72483993225,72483323206,KSAC,72057600174"
california,2024-07-26 07:00:00+00:00,19.5,19.5,8.9,50.38,0,0,,0,0,18.4,8.3,172,1011.6,0.9,16,9,0,0,10,Clear,clear-day,"E9060,KSMF,72483023232,72483993225,72483323206,KSAC,72057600174"
california,2024-07-26 08:00:00+00:00,22.9,22.9,8.2,39.01,0,0,,0,0,18.4,8.9,159,1011.6,2.6,16,33,0.1,0,10,Clear,clear-day,"E9060,KSMF,72483023232,72483993225,72483323206,KSAC,72057600174"
california,2024-07-26 09:00:00+00:00,24.7,24.7,7.8,34,0,0,,0,0,20.5,11.8,181,1011.5,2.6,16,56,0.2,1,10,Clear,clear-day,"E9060,KSMF,72483023232,72483993225,72483323206,KSAC,72057600174"
california,2024-07-26 10:00:00+00:00,26.4,26.4,8.9,33.16,0,0,,0,0,20.5,12.9,205,1011.6,0,16,76,0.3,1,10,Clear,clear-day,"E9060,KSMF,72483023232,72483993225,72483323206,KSAC,72057600174"
california,2024-07-26 11:00:00+00:00,29.7,28.3,9.2,27.87,0,0,,0,0,20.5,14.3,208,1011.2,0,16,93,0.3,1,10,Clear,clear-day,"E9060,KSMF,72483023232,72483993225,72483323206,KSAC,72057600174"
california,2024-07-26 12:00:00+00:00,32,30.2,8.3,23,0,0,,0,0,25.9,16.5,225,1010.6,0,16,104,0.4,1,10,Clear,clear-day,"E9060,KSMF,72483023232,72483993225,72483323206,KSAC,72057600174"
california,2024-07-26 13:00:00+00:00,34.2,32.1,7.1,18.75,0,0,,0,0,27.7,13.3,229,1009.8,5.9,16,109,0.4,1,10,Clear,clear-day,"E9060,KSMF,72483023232,72483993225,72483323206,KSAC,72057600174"
california,2024-07-26 14:00:00+00:00,35,32.7,6.5,17.29,0,0,,0,0,29.5,18.5,214,1009.1,0.9,16,107,0.4,1,10,Clear,clear-day,"E9060,KSMF,72483023232,72483993225,72483323206,KSAC,72057600174"
california,2024-07-26 15:00:00+00:00,36.2,34,7.1,16.76,0,0,,0,0,35.3,22.1,218,1008.3,4.5,16,100,0.4,1,10,Clear,clear-day,"E9060,KSMF,72483023232,72483993225,72483323206,KSAC,72057600174"
california,2024-07-26 16:00:00+00:00,36.2,33.8,5.2,14.69,0,0,,0,0,42.5,30.3,225,1007.6,4.5,16,88,0.3,1,10,Clear,clear-day,"E9060,KSMF,72483023232,72483993225,72483323206,KSAC,72057600174"
california,2024-07-26 17:00:00+00:00,34.3,32.1,6.4,17.73,0,0,,0,0,44.6,26.9,217,1007.2,4.5,16,70,0.3,1,10,Clear,clear-day,"E9060,KSMF,72483023232,72483993225,72483323206,KSAC,72057600174"
california,2024-07-26 18:00:00+00:00,32.6,30.5,6.2,19.33,0,0,,0,0,42.5,24.3,208,1006.7,0,16,49,0.2,0,10,Clear,clear-day,"E9060,KSMF,72483023232,72483993225,72483323206,KSAC,72057600174"
california,2024-07-26 19:00:00+00:00,28.9,27.7,8.3,27.52,0,0,,0,0,42.5,27.7,207,1006.7,0,16,26,0.1,0,10,Clear,clear-day,"E9060,KSMF,72483023232,72483993225,72483323206,KSAC,72057600174"
california,2024-07-26 20:00:00+00:00,24.3,24.3,9.9,40.29,0,0,,0,0,45.9,22,189,1006.9,0,16,0,0,0,10,Clear,clear-day,"E9060,KSMF,72483023232,72483993225,72483323206,KSAC,72057600174"
california,2024-07-26 21:00:00+00:00,20.2,20.2,11,55.65,0,0,,0,0,46.4,26.2,203,1007.6,0,16,0,0,0,10,Clear,clear-night,"E9060,KSMF,72483023232,72483993225,72483323206,KSAC,72057600174"
california,2024-07-26 22:00:00+00:00,17.7,17.7,11.1,65.52,0,0,,0,0,31.7,16.4,194,1008.4,0,16,0,0,0,10,Clear,clear-night,"E9060,KSMF,72483023232,72483993225,72483323206,KSAC,72057600174"
california,2024-07-26 23:00:00+00:00,16,16,11,72.5,0,0,,0,0,35.9,16.3,185,1009,2.6,16,0,0,0,10,Clear,clear-night,"E9060,KSMF,72483023232,72483993225,72483323206,KSAC,72057600174"
california,2024-07-27 00:00:00+00:00,14.7,14.7,11,78.51,0,0,,0,0,36.9,17.9,187,1009.6,2.6,16,0,0,0,10,Clear,clear-night,"E9060,KSMF,72483023232,72483993225,72483323206,KSAC,72057600174"
california,2024-07-27 01:00:00+00:00,14.1,14.1,11,81.63,0,0,,0,0,55.4,17.6,195,1009.6,2.6,16,0,0,0,10,Clear,clear-night,"E9060,KSMF,72483023232,72483993225,72483323206,KSAC,72057600174"
california,2024-07-27 02:00:00+00:00,14,14,11,82.56,0,0,,0,0,41.9,23.6,187,1009.8,39.8,16,0,0,0,10,Partially cloudy,partly-cloudy-night,"E9060,KSMF,72483023232,72483993225,72483323206,KSAC,72057600174"
california,2024-07-27 03:00:00+00:00,13.9,13.9,11,82.72,0,0,,0,0,45,20.5,197,1009.9,22.9,16,0,0,0,10,Partially cloudy,partly-cloudy-night,"E9060,KSMF,72483023232,72483993225,72483323206,KSAC,72057600174"
california,2024-07-27 04:00:00+00:00,13.9,13.9,11,82.72,0,0,,0,0,55,28.4,204,1009.8,7.4,16,0,0,0,10,Clear,clear-night,"E9060,KSMF,72483023232,72483993225,72483323206,KSAC,72057600174"
california,2024-07-27 05:00:00+00:00,13.8,13.8,11,83.09,0,0,,0,0,50.8,25.8,210,1010.3,2.9,16,0,0,0,10,Clear,clear-night,"E9060,KSMF,72483023232,72483993225,72483323206,KSAC,72057600174"
california,2024-07-27 06:00:00+00:00,14.2,14.2,11,81.5,0,0,,0,0,44.6,23.5,193,1011,91.2,16,0,0,0,10,Overcast,cloudy,"E9060,KSMF,72483023232,72483993225,72483323206,KSAC,72057600174"
california,2024-07-27 07:00:00+00:00,14.3,14.3,11.1,80.77,0,0,,0,0,45.4,22.4,201,1011.5,91.9,16,7,0,0,10,Overcast,cloudy,"E9060,KSMF,72483023232,72483993225,72483323206,KSAC,72057600174"
california,2024-07-27 08:00:00+00:00,15.2,15.2,11.1,76.66,0,0,,0,0,44.6,28.3,214,1012.1,91.9,16,18,0.1,0,10,Overcast,cloudy,"E9060,KSMF,72483023232,72483993225,72483323206,KSAC,72057600174"
california,2024-07-27 09:00:00+00:00,15.7,15.7,11.1,74.22,0,0,,0,0,38.9,21.5,209,1012.7,91.6,16,32,0.1,0,10,Overcast,cloudy,"E9060,KSMF,72483023232,72483993225,72483323206,KSAC,72057600174"
california,2024-07-27 10:00:00+00:00,16.8,16.8,11.1,69.12,0,0,,0,0,22.3,20.4,198,1013.1,97.9,16,40,0.1,0,10,Overcast,cloudy,"E9060,KSMF,72483023232,72483993225,72483323206,KSAC,72057600174"
california,2024-07-27 11:00:00+00:00,18.8,18.8,11.6,62.8,0,0,,0,0,38.9,15.5,206,1013.1,73.7,16,91,0.3,1,10,Partially cloudy,partly-cloudy-day,"E9060,KSMF,72483023232,72483993225,72483323206,KSAC,72057600174"
california,2024-07-27 12:00:00+00:00,20.4,20.4,11.6,56.94,0,0,,0,0,29.5,17.6,198,1012.7,4.5,16,104,0.4,1,10,Clear,clear-day,"E9060,KSMF,72483023232,72483993225,72483323206,KSAC,72057600174"
california,2024-07-27 13:00:00+00:00,21.5,21.5,11.6,53.07,0,0,,0,0,33.8,22.4,221,1012.7,4.5,16,107,0.4,1,10,Clear,clear-day,"E9060,KSMF,72483023232,72483993225,72483323206,KSAC,72057600174"
california,2024-07-27 14:00:00+00:00,22.6,22.6,12.1,51.42,0,0,,0,0,33.5,21.6,233,1012.3,4.8,16,105,0.4,1,10,Clear,clear-day,"E9060,KSMF,72483023232,72483993225,KSAC,72057600174"
california,2024-07-27 15:00:00+00:00,23.6,23.6,11.9,48.05,0,0,,0,0,33.5,19,233,1011.8,8.1,16,97,0.3,1,10,Clear,clear-day,"E9060,KSMF,72483023232,72483993225,72483323206,KSAC,72057600174"
california,2024-07-27 16:00:00+00:00,23.8,23.8,11.6,46.11,0,0,,0,0,29.5,19.7,198,1011.2,14.4,16,72,0.3,1,10,Clear,clear-day,"E9060,KSMF,72483023232,72483993225,72483323206,KSAC,72057600174"
california,2024-07-27 17:00:00+00:00,23,23,11.6,48.52,0,0,,0,0,27.7,17.2,205,1010.8,14.4,16,69,0.2,1,10,Clear,clear-day,"E9060,KSMF,72483023232,72483993225,72483323206,KSAC,72057600174"
california,2024-07-27 18:00:00+00:00,22.3,22.3,11.6,50.56,0,0,,0,0,27.7,16.1,214,1010.5,14.4,16,51,0.2,1,10,Clear,clear-day,"E9060,KSMF,72483023232,72483993225,72483323206,KSAC,72057600174"
california,2024-07-27 19:00:00+00:00,21.3,21.3,12.1,55.94,0,0,,0,0,27.7,13.2,189,1010.4,14.4,16,19,0.1,0,10,Clear,clear-day,"E9060,KSMF,72483023232,72483993225,72483323206,KSAC,72057600174"
california,2024-07-27 20:00:00+00:00,18.9,18.9,11.8,63.45,0,0,,0,0,29.5,15.6,206,1010.4,14.4,16,0,0,0,10,Clear,clear-day,"E9060,KSMF,72483023232,72483993225,72483323206,KSAC,72057600174"
california,2024-07-27 21:00:00+00:00,17.2,17.2,11.3,68.56,0,0,,0,0,33.5,17.7,204,1010.6,14.4,16,0,0,0,10,Clear,clear-night,"E9060,KSMF,72483023232,72483993225,72483323206,KSAC,72057600174"
california,2024-07-27 22:00:00+00:00,15.9,15.9,11.2,73.31,0,0,,0,0,24.1,16.3,193,1011,14.4,16,0,0,0,10,Clear,clear-night,"E9060,KSMF,72483023232,72483993225,72483323206,KSAC,72057600174"
california,2024-07-27 23:00:00+00:00,14.8,14.8,11.2,79.24,0,0,,0,0,22.3,12.6,193,1010.9,14.4,16,0,0,0,10,Clear,clear-night,"E9060,KSMF,72483023232,72483993225,72483323206,KSAC,72057600174"
california,2024-07-28 00:00:00+00:00,14.6,14.6,11.2,79.69,0,0,,0,0,22.3,8.2,171,1011,15.3,16,0,0,0,10,Clear,clear-night,"E9060,KSMF,72483023232,72483993225,72483323206,KSAC,72057600174"
california,2024-07-28 01:00:00+00:00,14.1,14.1,11.2,82.57,0,0,,0,0,18.4,8.9,140,1011,15.9,16,0,0,0,10,Clear,clear-night,"E9060,KSMF,72483023232,72483993225,72483323206,KSAC,72057600174"
california,2024-07-28 02:00:00+00:00,13.9,13.9,11.2,83.67,0,0,,0,0,16.6,7.5,164,1011,17,16,0,0,0,10,Clear,clear-night,"E9060,KSMF,72483023232,72483993225,72483323206,KSAC,72057600174"
california,2024-07-28 03:00:00+00:00,13.5,13.5,11.1,85.54,0,0,,0,0,16.6,7,154,1010.9,9.6,16,0,0,0,10,Clear,clear-night,"E9060,KSMF,72483023232,72483993225,72483323206,KSAC,72057600174"
california,2024-07-28 04:00:00+00:00,13.5,13.5,11.1,85.7,0,0,,0,0,14.8,8.5,148,1011,15.9,16,0,0,0,10,Clear,clear-night,"E9060,KSMF,72483023232,72483993225,72483323206,KSAC,72057600174"
california,2024-07-28 05:00:00+00:00,13.1,13.1,11.1,88.02,0,0,,0,0,13,8,168,1011.2,16.4,16,0,0,0,10,Clear,clear-night,"E9060,KSMF,72483023232,72483993225,KSAC,72057600174"
california,2024-07-28 06:00:00+00:00,12.9,12.9,11.1,88.86,0,0,,0,0,13,6.3,167,1011.9,14.4,16,0,0,0,10,Clear,clear-night,"E9060,KSMF,72483023232,72483993225,72483323206,KSAC,72057600174"
california,2024-07-28 07:00:00+00:00,13,13,11.6,91.39,0,0,,0,0,13,7.8,170,1012.3,35.3,15.7,7,0,0,10,Partially cloudy,partly-cloudy-day,"E9060,KSMF,72483023232,72483993225,72483323206,KSAC,72057600174"
california,2024-07-28 08:00:00+00:00,14.1,14.1,12.1,87.91,0,0,,0,0,14.8,7.3,195,1012.8,39.1,16,23,0.1,0,10,Partially cloudy,partly-cloudy-day,"E9060,KSMF,72483023232,72483993225,72483323206,KSAC,72057600174"
california,2024-07-28 09:00:00+00:00,16.3,16.3,12.8,79.8,0,0,,0,0,13,5.9,140,1013.1,17,15.2,44,0.2,0,10,Clear,clear-day,"E9060,KSMF,72483023232,72483993225,72483323206,KSAC,72057600174"
california,2024-07-28 10:00:00+00:00,18.5,18.5,13.2,71.63,0,0,,0,0,14.8,7.3,196,1013.2,16.2,16,60,0.2,1,10,Clear,clear-day,"E9060,KSMF,72483023232,72483993225,72483323206,KSAC,72057600174"
california,2024-07-28 11:00:00+00:00,21,21,13.2,61.3,0,0,,0,0,16.6,7.4,0,1013.3,16.2,16,81,0.3,1,10,Clear,clear-day,"E9060,KSMF,72483023232,72483993225,72483323206,KSAC,72057600174"
california,2024-07-28 12:00:00+00:00,23.4,23.4,13.3,53.15,0,0,,0,0,18.4,9.1,230,1013,16.2,16,97,0.3,1,10,Clear,clear-day,"E9060,KSMF,72483023232,72483993225,72483323206,KSAC,72057600174"
california,2024-07-28 13:00:00+00:00,25.3,25.3,13.3,47.29,0,0,,0,0,20.5,8.1,213,1012.5,14.4,16,104,0.4,1,10,Clear,clear-day,"E9060,KSMF,72483023232,72483993225,72483323206,KSAC,72057600174"
california,2024-07-28 14:00:00+00:00,26.5,26.5,12.8,42.61,0,0,,0,0,20.5,8.8,232,1012.1,14.4,16,100,0.4,1,10,Clear,clear-day,"E9060,KSMF,72483023232,72483993225,72483323206,KSAC,72057600174"
california,2024-07-28 15:00:00+00:00,28.2,27.7,12.1,36.91,0,0,,0,0,22.3,8.1,255,1011.5,16.2,16,91,0.3,1,10,Clear,clear-day,"E9060,KSMF,72483023232,72483993225,72483323206,KSAC,72057600174"
california,2024-07-28 16:00:00+00:00,28.8,27.9,11.4,34.03,0,0,,0,0,22.3,9.5,186,1011,16.2,16,81,0.3,1,10,Clear,clear-day,"E9060,KSMF,72483023232,72483993225,72483323206,KSAC,72057600174"
california,2024-07-28 17:00:00+00:00,29.7,28.5,10.7,30.79,0,0,,0,0,24.1,9.6,170,1010.3,16.2,16,67,0.2,1,10,Clear,clear-day,"E9060,KSMF,72483023232,72483993225,72483323206,KSAC,72057600174"
california,2024-07-28 18:00:00+00:00,28.9,28,10.6,32.1,0,0,,0,0,24.1,16.2,188,1010,14.4,16,44,0.2,0,10,Clear,clear-day,"E9060,KSMF,72483023232,72483993225,72483323206,KSAC,72057600174"
california,2024-07-28 19:00:00+00:00,28.2,27.5,11.7,36.03,0,0,,0,0,25.9,14.1,204,1010,8.1,16,21,0.1,0,10,Clear,clear-day,"E9060,KSMF,72483023232,72483993225,72483323206,KSAC,72057600174"
california,2024-07-28 20:00:00+00:00,24.4,24.4,13.3,49.71,0,0,,0,0,25.9,13.9,203,1010.4,8.7,16,0,0,0,10,Clear,clear-day,"E9060,KSMF,72483023232,72483993225,KSAC,72057600174"
california,2024-07-28 21:00:00+00:00,21.7,21.7,12.3,55.05,0,0,,0,0,25.9,15.2,196,1010.8,8.1,16,0,0,0,10,Clear,clear-night,"E9060,KSMF,72483023232,72483993225,72483323206,KSAC,72057600174"
california,2024-07-28 22:00:00+00:00,19.5,19.5,11.8,61.28,0,0,,0,0,27.7,13.9,193,1011.4,4.5,16,0,0,0,10,Clear,clear-night,"E9060,KSMF,72483023232,72483993225,72483323206,KSAC,72057600174"
california,2024-07-28 23:00:00+00:00,17.6,17.6,11.6,67.69,0,0,,0,0,24.1,16.5,201,1011.6,5.3,16,0,0,0,10,Clear,clear-night,"E9060,KSMF,72483023232,72483993225,72483323206,KSAC,72057600174"
california,2024-07-29 00:00:00+00:00,16.5,16.5,11.6,72.63,0,0,,0,0,24.1,7.9,171,1011.9,2.6,16,0,0,0,10,Clear,clear-night,"E9060,KSMF,72483023232,72483993225,72483323206,KSAC,72057600174"
california,2024-07-29 01:00:00+00:00,15.9,15.9,11.6,75.34,0,0,,0,0,22.3,11.5,177,1012.2,1.4,16,0,0,0,10,Clear,clear-night,"E9060,KSMF,72483023232,72483993225,72483323206,KSAC,72057600174"
california,2024-07-29 02:00:00+00:00,15.1,15.1,11.6,79.39,0,0,,0,0,20.5,11.2,174,1012.2,1.4,16,0,0,0,10,Clear,clear-night,"E9060,KSMF,72483023232,72483993225,72483323206,KSAC,72057600174"
california,2024-07-29 03:00:00+00:00,15,15,11.6,80.05,0,0,,0,0,20.5,15.5,170,1012.4,1.4,16,0,0,0,10,Clear,clear-night,"E9060,KSMF,72483023232,72483993225,72483323206,KSAC,72057600174"
california,2024-07-29 04:00:00+00:00,14.5,14.5,11.7,83.35,0,0,,0,0,18.4,12.2,165,1012.5,2.9,16,0,0,0,10,Clear,clear-night,"E9060,KSMF,72483023232,72483993225,72483323206,KSAC,72057600174"
california,2024-07-29 05:00:00+00:00,14.3,14.3,11.6,83.91,0,0,,0,0,18.4,9.2,164,1012.8,2.9,16,0,0,0,10,Clear,clear-night,"E9060,KSMF,72483023232,72483993225,72483323206,KSAC,72057600174"
california,2024-07-29 06:00:00+00:00,14,14,11.7,86.11,0,0,,0,0,18.4,13.2,181,1013.2,7.4,16,0,0,0,10,Clear,clear-night,"E9060,KSMF,72483023232,72483993225,72483323206,KSAC,72057600174"
california,2024-07-29 07:00:00+00:00,14.4,14.4,11.7,83.92,0,0,,0,0,27.7,13.7,179,1013.7,7.4,16,9,0,0,10,Clear,clear-day,"E9060,KSMF,72483023232,72483993225,72483323206,KSAC,72057600174"
california,2024-07-29 08:00:00+00:00,15.3,15.3,12.2,81.81,0,0,,0,0,18.4,13.3,188,1014.5,7.4,16,30,0.1,0,10,Clear,clear-day,"E9060,KSMF,72483023232,72483993225,72483323206,KSAC,72057600174"
california,2024-07-29 09:00:00+00:00,17.1,17.1,12.2,72.83,0,0,,0,0,33.5,16.4,202,1015.1,0.9,16,51,0.2,1,10,Clear,clear-day,"E9060,KSMF,72483023232,72483993225,72483323206,KSAC,72057600174"
california,2024-07-29 10:00:00+00:00,19.3,19.3,12.6,65.33,0,0,,0,0,18.4,14.7,190,1015.3,0,16,72,0.3,1,10,Clear,clear-day,"E9060,KSMF,72483023232,72483993225,72483323206,KSAC,72057600174"
california,2024-07-29 11:00:00+00:00,21.7,21.7,12.8,57.08,0,0,,0,0,20.5,14.8,197,1015.4,0,16,88,0.3,1,10,Clear,clear-day,"E9060,KSMF,72483023232,72483993225,72483323206,KSAC,72057600174"
california,2024-07-29 12:00:00+00:00,24.2,24.2,12.9,49.24,0,0,,0,0,22.3,14.1,209,1015.3,0,16,100,0.4,1,10,Clear,clear-day,"E9060,KSMF,72483023232,72483993225,72483323206,KSAC,72057600174"
california,2024-07-29 13:00:00+00:00,25.9,25.9,13.3,45.45,0,0,,0,0,22.3,11.1,160,1014.8,0,16,105,0.4,1,10,Clear,clear-day,"E9060,KSMF,72483023232,72483993225,72483323206,KSAC,72057600174"
california,2024-07-29 14:00:00+00:00,28.2,27.8,13.3,39.98,0,0,,0,0,25.9,11.4,213,1014.3,0,15.9,104,0.4,1,10,Clear,clear-day,"E9060,KSMF,72483023232,72483993225,72483323206,KSAC,72057600174"
california,2024-07-29 15:00:00+00:00,29.2,28.4,12.2,35.06,0,0,,0,0,25.9,15.9,225,1013.8,0,16,97,0.3,1,10,Clear,clear-day,"E9060,KSMF,72483023232,72483993225,KSAC,72057600174"
california,2024-07-29 16:00:00+00:00,30.8,29.5,11.2,29.88,0,0,,0,0,25.9,17.5,213,1013,0,16,84,0.3,1,10,Clear,clear-day,"E9060,KSMF,72483023232,72483993225,72483323206,KSAC,72057600174"
california,2024-07-29 17:00:00+00:00,30.5,29.2,10.8,29.69,0,0,,0,0,27.7,14.8,213,1012.5,0,15.9,67,0.2,1,10,Clear,clear-day,"E9060,KSMF,72483023232,72483993225,72483323206,KSAC,72057600174"
california,2024-07-29 18:00:00+00:00,29.4,28.5,12.1,34.42,0,0,,0,0,27.7,16.6,205,1012.2,0,16,46,0.2,0,10,Clear,clear-day,"E9060,KSMF,72483023232,72483993225,KSAC,72057600174"
california,2024-07-29 19:00:00+00:00,27.3,27.1,12.6,40.24,0,0,,0,0,25.9,14.6,199,1011.9,0,16,23,0.1,0,10,Clear,clear-day,"E9060,KSMF,72483023232,72483993225,72483323206,KSAC,72057600174"
california,2024-07-29 20:00:00+00:00,24,24,12.3,47.9,0,0,,0,0,25.9,18.2,189,1012.2,0,16,0,0,0,10,Clear,clear-day,"E9060,KSMF,72483023232,72483993225,72483323206,KSAC,72057600174"
california,2024-07-29 21:00:00+00:00,21.4,21.4,12.7,57.64,0,0,,0,0,27.7,15.4,185,1012.4,0,16,0,0,0,10,Clear,clear-night,"E9060,KSMF,72483023232,72483993225,KSAC,72057600174"
california,2024-07-29 22:00:00+00:00,19.7,19.7,13,65.49,0,0,,0,0,24.1,11.1,178,1012.7,2.6,16,0,0,0,10,Clear,clear-night,"E9060,KSMF,72483023232,72483993225,72483323206,KSAC,72057600174"
california,2024-07-29 23:00:00+00:00,18.6,18.6,13.2,71.19,0,0,,0,0,22.3,12.6,175,1012.6,2.6,16,0,0,0,10,Clear,clear-night,"E9060,KSMF,72483023232,72483993225,72483323206,KSAC,72057600174"
california,2024-07-30 00:00:00+00:00,17.5,17.5,13.6,78.14,0,0,,0,0,33.5,9.3,169,1013.1,2.9,16,0,0,0,10,Clear,clear-night,"E9060,KSMF,72483023232,72483993225,72483323206,KSAC,72057600174"
california,2024-07-30 01:00:00+00:00,17,17,13.7,81.11,0,0,,0,0,20.5,10.9,160,1012.9,2.9,16,0,0,0,10,Clear,clear-night,"E9060,KSMF,72483023232,72483993225,72483323206,KSAC,72057600174"
california,2024-07-30 02:00:00+00:00,16.3,16.3,13.3,82.07,0,0,,0,0,18.4,9.2,140,1013,2.9,16,0,0,0,10,Clear,clear-night,"E9060,KSMF,72483023232,72483993225,72483323206,KSAC,72057600174"
california,2024-07-30 03:00:00+00:00,16.3,16.3,13.3,82.22,0,0,,0,0,18.4,10.3,139,1013,2.6,16,0,0,0,10,Clear,clear-night,"E9060,KSMF,72483023232,72483993225,72483323206,KSAC,72057600174"
california,2024-07-30 04:00:00+00:00,16.1,16.1,13.3,83.15,0,0,,0,0,16.6,9.8,149,1013,2.6,16,0,0,0,10,Clear,clear-night,"E9060,KSMF,72483023232,72483993225,72483323206,KSAC,72057600174"
california,2024-07-30 05:00:00+00:00,15.7,15.7,13.3,85.74,0,0,,0,0,16.6,8.6,149,1013.1,0.9,16,0,0,0,10,Clear,clear-night,"E9060,KSMF,72483023232,72483993225,72483323206,KSAC,72057600174"
california,2024-07-30 06:00:00+00:00,15.7,15.7,13.3,85.58,0,0,,0,0,16.6,8.8,152,1013.7,0,16,0,0,0,10,Clear,clear-night,"E9060,KSMF,72483023232,72483993225,72483323206,KSAC,72057600174"