date,net_load,renewables,renewables_to_load_ratio,load.load,load_forecast.load_forecast,fuel_mix.biomass,fuel_mix.biogas,fuel_mix.coal,fuel_mix.natural_gas,fuel_mix.large_hydro,fuel_mix.imports,fuel_mix.other,storage.stand_alone_batteries,carbon_intensity,carbon_emissions_mTCO2_per_hour
2024-07-15 07:00:00+00:00,25186.33333,6959.25,0.255687988,27217.91667,27385.42292,304.1666667,186.9166667,0,10910.33333,3402.916667,7245.333333,0,0,3.17,7984.067666
2024-07-15 08:00:00+00:00,23321.75,7060.166667,0.275965788,25599.41667,25909.67563,303.8333333,187.0833333,0,10294.5,3257.833333,6460.25,0,0,3.41,7952.71675
2024-07-15 09:00:00+00:00,21926.91667,7060.083333,0.289333722,24398.58333,24882.26188,303.5833333,186.0833333,0,9378.25,3060.25,6452.583333,0,0,3.6,7893.690001
2024-07-15 10:00:00+00:00,21733.33333,6431.583333,0.27071174,23755.75,24227.08646,301.5833333,185.5,0,9169,2883.75,6149,0,0,3.71,8063.066665
2024-07-15 11:00:00+00:00,22026.33333,6448.75,0.270984107,23796.66667,24285.9875,304.75,184.4166667,0,9111.083333,3149.666667,6037,0,0,3.73,8215.822332
2024-07-15 12:00:00+00:00,22774.16667,6193.75,0.251458237,24636.58333,24998.44708,314.5833333,183.0833333,0,9543.5,2780.416667,6273.416667,0,281.5833333,3.79,8631.409168
2024-07-15 13:00:00+00:00,22179.5,7618.583333,0.29689985,25626.08333,25845.14667,329.25,182.5833333,0,9377.916667,2603.583333,5886.666667,0,433.5,4.12,9137.954
2024-07-15 14:00:00+00:00,16577.16667,13788.08333,0.521862134,26404.41667,26535.5625,332.0833333,182.4166667,0,8106.916667,2387.333333,3988.75,0,0,5.09,8437.777835
2024-07-15 15:00:00+00:00,12358.16667,17649.75,0.664528351,26562.83333,26717.48542,333.75,183.5833333,0,7463.666667,1867.833333,3364.75,0,0,5.81,7180.094835
2024-07-15 16:00:00+00:00,10458.75,19298.33333,0.726578669,26560.41667,26483.05833,333.75,179.6666667,0,7003.083333,1629.916667,3037.083333,0,0,6.3,6589.0125
2024-07-15 17:00:00+00:00,8647.583333,20984.33333,0.791565959,26510.16667,26469.26583,332.9166667,169.75,0,6540.75,1573.916667,2547,0,0,6.86,5932.242166
2024-07-15 18:00:00+00:00,8518.166667,21386.58333,0.792516494,26985.75,27025.46458,332.1666667,175.8333333,0,6761.75,1367.916667,1753.083333,0,0,7.35,6260.8525
2024-07-15 19:00:00+00:00,9154.833333,21704.25,0.777746751,27912.16667,28004.23271,333.5,177.0833333,0,7017.75,1386.916667,613.0833333,0,0,8.05,7369.640833
2024-07-15 20:00:00+00:00,11377.25,21159.75,0.717082215,29523.25,29434.62938,333.5833333,178.3333333,0,7619.25,1443.5,412.25,0,0,7.68,8737.728
2024-07-15 21:00:00+00:00,14882.58333,19475.08333,0.628611771,30998.25,31091.43854,333.0833333,178.0833333,0,8964.166667,1787.333333,514.6666667,0,0,6.5,9673.679164
2024-07-15 22:00:00+00:00,16616,19831.5,0.606031508,32721.66667,32880.48833,330.4166667,176.9166667,0,9982.916667,2152.083333,653.3333333,0,84.83333333,5.72,9504.352
2024-07-15 23:00:00+00:00,17846.91667,20278.75,0.59339556,34180.75,34589.20271,329.75,178.5,0,11741.58333,2359.666667,110.5833333,0,0,5.15,9191.162085
2024-07-16 00:00:00+00:00,20523,20070,0.558203931,35965.91667,36042.88583,327.25,175.3333333,0,13193,3040.666667,0,0,662.25,4.5,9235.35
2024-07-16 01:00:00+00:00,25313.83333,17924.91667,0.481314129,37270.33333,36959.20729,329.8333333,175.1666667,0,13871.16667,4376.333333,745.3333333,0,2542.333333,3.89,9847.081165
2024-07-16 02:00:00+00:00,31159.25,12453.58333,0.333155621,37360.08333,36728.55417,330.5833333,175,0,16092.83333,4658.5,2100,0,4464.75,3.26,10157.9155
2024-07-16 03:00:00+00:00,31903.58333,10775.33333,0.295095633,36518.16667,35922.87375,331.3333333,174.5833333,0,16242.41667,4567.416667,3045.333333,0,4227.833333,3.13,9985.821582
2024-07-16 04:00:00+00:00,30520.91667,10361.25,0.293998657,35251.16667,34621.89167,329,173.5833333,0,14854.58333,4039.083333,3702.25,0,4127.25,3.28,10010.86067
2024-07-16 05:00:00+00:00,27902.16667,10339.83333,0.315119028,32826.25,32327.20604,317.0833333,173,0,14098.75,3833.5,5008.583333,0,1312.25,3.11,8677.573834
2024-07-16 06:00:00+00:00,25293.91667,10053.75,0.334342328,30082.16667,29775.43333,310.5,173.3333333,0,12950.41667,3687.833333,5250.916667,0,0,3.19,8068.759418
2024-07-16 07:00:00+00:00,23747.75,9588.083333,0.338628845,28318,27481.51542,305.5833333,173.0833333,0,10822.5,3429.75,5678.25,0,70.66666667,3.44,8169.226
2024-07-16 08:00:00+00:00,22551.5,8858.75,0.330976835,26764.58333,25823.67896,304.0833333,173.1666667,0,9810.5,3053.916667,5580.916667,0,286.25,3.7,8344.055
2024-07-16 09:00:00+00:00,21473.08333,8611.166667,0.337744311,25496.41667,24648.70938,305.1666667,168.25,0,8928.583333,2997.333333,5842.583333,0,0,3.85,8267.137082
2024-07-16 10:00:00+00:00,21126,8276,0.332988388,24852.75,23950.15313,305.5,167,0,8767.916667,2959.916667,5583.583333,0,0,3.95,8344.77
2024-07-16 11:00:00+00:00,21374.08333,7978.916667,0.321771717,24797.75,23925.31688,307.6666667,166.0833333,0,8645.666667,2966.25,5508.25,0,271.25,4.02,8592.381499
2024-07-16 12:00:00+00:00,22505.5,8002.833333,0.313474084,25532.75,24580.17875,313.4166667,165.4166667,0,8676.25,3383.083333,5313.666667,0,855.25,4.04,9092.222
2024-07-16 13:00:00+00:00,21670.91667,9516.75,0.361151938,26331.91667,25355.23438,327.9166667,164.8333333,0,8775.5,3258.25,4409.25,0,1068.333333,4.45,9643.557918
2024-07-16 14:00:00+00:00,15410,16178,0.602882079,26830.58333,26024.40958,331.5833333,164.3333333,0,7611.416667,3159.25,2873.25,0,0,5.39,8305.99
2024-07-16 15:00:00+00:00,10271.16667,20849.16667,0.780100571,26729.5,26152.32292,327.0833333,165.5,0,6355.5,2782.75,1845.666667,0,0,6.56,6737.885336
2024-07-16 16:00:00+00:00,8701.75,22074.41667,0.830587377,26577.83333,25642.11417,315,166.5,0,6258.666667,2603.166667,1019.416667,0,0,6.99,6082.52325
2024-07-16 17:00:00+00:00,7333.666667,22922.5,0.872762657,26266,25215.56021,320.3333333,164.8333333,0,6194.25,2409.666667,0,0,0,8.11,5947.603667
2024-07-16 18:00:00+00:00,6857.416667,23398.66667,0.882494045,26513.5,25323.08313,320.75,161,0,6381.75,2162.5,0,0,0,8.17,5602.509417
2024-07-16 19:00:00+00:00,7462.333333,23879.58333,0.866778744,27555.66667,26055.84146,325.25,161.0833333,0,7230.583333,2208.5,0,0,0,7.54,5626.599333
2024-07-16 20:00:00+00:00,8539,23952.5,0.834970237,28689.5,27389.71083,329.9166667,161,0,7480.916667,2224.25,0,0,0,7.44,6353.016
2024-07-16 21:00:00+00:00,9468.833333,24712.83333,0.818205674,30207.58333,28951.84938,328.5833333,162.1666667,0,7622.333333,2399,0,0,0,7.19,6808.091166
2024-07-16 22:00:00+00:00,11119.91667,25175.08333,0.78482127,32085.75,30814.58583,328,163.4166667,0,8527.166667,2634.75,0,0,0,6.47,7194.586085
2024-07-16 23:00:00+00:00,12938.16667,25646.83333,0.758974341,33801.66667,32605.08042,329.1666667,166.8333333,0,9958.416667,3204.75,0,0,0,5.54,7167.744335
2024-07-17 00:00:00+00:00,16092.91667,24511.25,0.691624587,35463.16667,34308.95417,330.1666667,164.4166667,0,11746.75,3562.916667,0,0,175.3333333,4.8,7724.600002
2024-07-17 01:00:00+00:00,22064.91667,20386.58333,0.555748682,36712.5,35372.24167,330.25,171.3333333,0,14042.66667,4151,0,0,2001.083333,4.06,8958.356168
2024-07-17 02:00:00+00:00,29373.58333,13884.16667,0.375942805,36909.66667,35356.29979,329.4166667,173.9166667,0,15263,4747.583333,0,0,6603.25,3.69,10838.85225
2024-07-17 03:00:00+00:00,30776.08333,11109.16667,0.311698539,35641,34706.25646,330.0833333,174.1666667,0,15591.08333,4636.333333,0,0,6418.666667,3.66,11264.0465
2024-07-17 04:00:00+00:00,29598.75,10663,0.308896045,34524,33543.05604,330.3333333,173.1666667,0,14210.25,4132.5,743.5,0,6396.25,3.88,11484.315
2024-07-17 05:00:00+00:00,27172.16667,10566.5,0.326015492,32420.16667,31320.05979,316.5,173.25,0,13728.66667,3728.25,2348.083333,0,3750.25,3.59,9754.807835
2024-07-17 06:00:00+00:00,24406.58333,10166.08333,0.343725049,29582.91667,28964.90125,306.8333333,173.1666667,0,13654.5,3407.166667,2958.666667,0,976.5,3.44,8395.864666
2024-07-17 07:00:00+00:00,22914.41667,9834.333333,0.353684631,27812.91667,27605.45729,308.25,175.4166667,0,12320.08333,3335.583333,3668.083333,0,0,3.58,8203.361168
2024-07-17 08:00:00+00:00,21683.83333,9377.75,0.355784709,26358.66667,26237.88313,312.5,177,0,11068.41667,3093.666667,4034.5,0,0,3.85,8348.275832
2024-07-17 09:00:00+00:00,20550.91667,9095,0.362176934,25111.16667,25113.01313,307,166.9166667,0,10488.5,2936.166667,3877.666667,0,0,3.97,8158.713918
2024-07-17 10:00:00+00:00,20117.33333,8807.5,0.360498267,24431.08333,24531.72542,306.0833333,164.0833333,0,10398,2899.833333,3940.583333,0,0,3.98,8006.698665
2024-07-17 11:00:00+00:00,20460.25,8485.5,0.347465215,24423.75,24556.77354,308.75,164.8333333,0,10122.5,2935.25,4227.666667,0,0,4,8184.1
2024-07-17 12:00:00+00:00,22010.75,7354.25,0.292284911,25172.58333,25202.71583,315.75,164.1666667,0,10511.83333,2602.166667,4680.75,0,294.8333333,3.97,8738.26775
2024-07-17 13:00:00+00:00,21272.66667,8942.166667,0.343497136,26008.5,26036.62104,327.1666667,163.3333333,0,10517.91667,2605.166667,4144.583333,0,0,4.24,9019.610668
2024-07-17 14:00:00+00:00,14560.66667,15559.41667,0.588991203,26418.5,26482.77458,335.0833333,163.5833333,0,8115.25,2100.583333,2237.666667,0,0,5.95,8663.596669
2024-07-17 15:00:00+00:00,10712.08333,19058.08333,0.722344207,26385.33333,25899.83604,338.0833333,162.0833333,0,6978.083333,1791.5,1647.333333,0,0,7.12,7627.003331
2024-07-17 16:00:00+00:00,9409.166667,19721.16667,0.75589465,26093.33333,25599.88521,338.4166667,163.3333333,0,7188.916667,1448.333333,710.1666667,0,0,7.9,7433.241667
2024-07-17 17:00:00+00:00,7848.083333,20715.41667,0.810914951,25548.16667,25358.26313,342.4166667,163.8333333,0,7205.833333,1426.75,117.0833333,0,0,8.51,6678.718916
2024-07-17 18:00:00+00:00,7502.916667,20916.16667,0.820914389,25481.41667,25562.29458,343.5833333,162.75,0,7409.583333,1353.75,0,0,0,8.53,6399.987917
2024-07-17 19:00:00+00:00,7151.583333,21606,0.837983878,25793.66667,26331.99417,346.75,164.0833333,0,7396.5,1379.5,0,0,0,8.59,6143.210083
2024-07-17 20:00:00+00:00,9742,20691.08333,0.754777974,27422.16667,27684.69604,351.6666667,164.25,0,8023.583333,1424.416667,0,0,0,8.12,7910.504
2024-07-17 21:00:00+00:00,12466.91667,20096.75,0.689965525,29137.66667,29470.73958,351.4166667,164.3333333,0,9082.916667,1845.75,0,0,0,7.06,8801.643169
2024-07-17 22:00:00+00:00,13654.66667,21285.41667,0.678294633,31393.83333,31525.12271,350.9166667,161.4166667,0,10451.58333,1970.416667,0,0,0,6.24,8520.512002
2024-07-17 23:00:00+00:00,15651,21968.75,0.654555857,33565.66667,33511.71896,350.0833333,162.9166667,0,11648.41667,2477.25,0,0,0,5.5,8608.05
2024-07-18 00:00:00+00:00,18530.5,21597.91667,0.604864286,35726.5,35370.205,350.4166667,164.25,0,13498.5,2804.416667,0,0,147.6666667,4.79,8876.1095
2024-07-18 01:00:00+00:00,24291.75,18291.16667,0.493311532,37104.33333,36588.23688,352.0833333,170.4166667,0,14712.83333,3886,0,0,2111.916667,4.24,10299.702
2024-07-18 02:00:00+00:00,30354.58333,12795.75,0.345032314,37056.83333,36773.73292,351.75,174.3333333,0,15850.91667,4497.75,1019.916667,0,5137.166667,3.7,11231.19583
2024-07-18 03:00:00+00:00,31770.83333,10581.08333,0.291932016,36244.33333,36207.59208,352.1666667,174.1666667,0,15995.91667,4508.666667,913.5,0,6038.916667,3.69,11723.4375
2024-07-18 04:00:00+00:00,30923.5,9961,0.283341652,35153.75,34977.81792,350.25,173.6666667,0,15487.91667,4128.5,2223.666667,0,4776.833333,3.6,11132.46
2024-07-18 05:00:00+00:00,28956.83333,9239.166667,0.28166223,32812.08333,32654.36708,339.8333333,173.6666667,0,14970.41667,3783.416667,2979,0,2832.416667,3.51,10163.8485
2024-07-18 06:00:00+00:00,26539.33333,8902.916667,0.294525105,30236.75,30171.19625,332.4166667,173.5,0,14179.33333,3609.75,4032.916667,0,465.6666667,3.42,9076.451999
2024-07-18 07:00:00+00:00,24723.16667,8649.666667,0.303850134,28470.58333,28545.64688,328.4166667,174.1666667,0,13033.5,3310.916667,4501.583333,0,0,3.54,8752.001001
2024-07-18 08:00:00+00:00,23165.33333,8251.5,0.306538026,26916.75,27120.30729,328.25,174,0,11768.58333,2909.333333,4993.5,0,0,3.74,8663.834665
2024-07-18 09:00:00+00:00,22279.75,7568.166667,0.29517024,25638.08333,25960.57188,328.1666667,173.9166667,0,11197.58333,2620,4942.666667,0,0,3.92,8733.662
2024-07-18 10:00:00+00:00,21852.66667,7253.166667,0.291431112,24887.25,25315.93604,329.4166667,173.9166667,0,11171.33333,2628.5,4794.25,0,0,3.97,8675.508668
2024-07-18 11:00:00+00:00,22156.83333,7006.25,0.281851003,24859.08333,25342.80188,331,174.1666667,0,10978.08333,2712.5,4824.083333,0,0,4,8862.733332
2024-07-18 12:00:00+00:00,23485.08333,6868.416667,0.267652751,25666.5,26028.91458,337.6666667,172.75,0,11133.25,3089.333333,4824.833333,0,219,3.97,9323.578082
2024-07-18 13:00:00+00:00,23024.16667,8291.666667,0.312357613,26527.91667,26892.53667,350.8333333,172,0,10957.16667,3179.916667,5131.25,0,0,4.08,9393.860001
2024-07-18 14:00:00+00:00,18322.75,13228.33333,0.486362298,27180.58333,27618.55813,353.0833333,171.75,0,9074.75,2760.333333,4115.75,0,0,4.93,9033.11575
2024-07-18 15:00:00+00:00,13295.83333,17949.75,0.660953724,27163.58333,27736.61208,350.9166667,170.9166667,0,7926.833333,2480.166667,3279.416667,0,0,5.68,7552.033331
2024-07-18 16:00:00+00:00,11986.25,18936.75,0.701351194,26999.75,27610.2,350.5,169.9166667,0,7878.25,2325.166667,2004.166667,0,0,6.33,7587.29625
2024-07-18 17:00:00+00:00,11090.91667,20131.16667,0.736175284,27341.83333,27794.22021,352.4166667,170.0833333,0,7948,2282,1787.25,0,0,6.46,7164.732169
2024-07-18 18:00:00+00:00,10759.08333,20936.58333,0.749184575,27947.16667,28478.81,355.9166667,171.75,0,8121.5,2147.666667,885,0,0,7.01,7542.117414
2024-07-18 19:00:00+00:00,11711.33333,21221.16667,0.730659887,29054,29900.93896,350.0833333,173.3333333,0,8622.833333,2286.083333,0,0,0,7.04,8244.778664
2024-07-18 20:00:00+00:00,13830.66667,21084.08333,0.683463022,30857.08333,31611.29896,347,172.9166667,0,9736.583333,2472.333333,0,0,0,6.27,8671.828002
2024-07-18 21:00:00+00:00,15822.5,21366.91667,0.650153942,32874.08333,33508.71708,346.0833333,173.1666667,0,11213.16667,2730.5,0,0,65.16666667,5.5,8702.375
2024-07-18 22:00:00+00:00,18387.83333,21346.75,0.609636175,35024.83333,35566.86313,345.5,172.9166667,0,12791.16667,3132,0,0,740.0833333,4.83,8881.323498
2024-07-18 23:00:00+00:00,20358.58333,21613.58333,0.58800297,36759.16667,37197.22125,348.5,173.9166667,0,13880.25,3628.416667,0,0,245.1666667,4.45,9059.569582
2024-07-19 00:00:00+00:00,22468.33333,21441.5,0.560583376,38265.25,38580.07896,347.25,174.3333333,0,15520.66667,4055.25,0,0,440.8333333,3.97,8919.928332
2024-07-19 01:00:00+00:00,27501.33333,17761.33333,0.453129332,39218.41667,39231.22167,344.8333333,174.25,0,16839.66667,4456.333333,385,0,2288.25,3.57,9817.975999
2024-07-19 02:00:00+00:00,33324.08333,12137.75,0.310348529,39084.83333,38970.26979,347.8333333,174.0833333,0,17588.66667,4783.583333,1459.083333,0,5403.5,3.29,10963.62342
2024-07-19 03:00:00+00:00,34092.66667,10338.25,0.272074224,37999.66667,37965.34896,347.5,174.75,0,17544,4832.583333,2635.916667,0,4632.833333,3.13,10671.00467
2024-07-19 04:00:00+00:00,32971.41667,9983.083333,0.271763624,36732.58333,36596.29854,346.5833333,174.0833333,0,17103.75,4623,3981.333333,0,2938.75,3.04,10023.31067
2024-07-19 05:00:00+00:00,30517.5,9156,0.26949511,33979.41667,34191.27042,342.5833333,173.9166667,0,16075.08333,4099,4210.583333,0,1730.833333,3.16,9643.53
2024-07-19 06:00:00+00:00,27753.25,8855.333333,0.284171531,31175.41667,31506.00063,333.25,174,0,14839.75,3847.5,4753.25,0,387.4166667,3.2,8881.04
2024-07-19 07:00:00+00:00,25861.25,8532.583333,0.292210094,29204.58333,29564.03208,330.1666667,174.4166667,0,13695.08333,3604.5,5325.666667,0,0,3.28,8482.49
2024-07-19 08:00:00+00:00,24073.83333,8256.166667,0.300430625,27484.41667,27937.27396,331.6666667,175.25,0,12659.16667,3256.916667,5826.75,0,0,3.43,8257.324832
2024-07-19 09:00:00+00:00,23034.83333,7502.75,0.286192677,26207.75,26589.67208,330,175,0,12189.41667,2741.166667,6001.75,0,0,3.54,8154.330999
2024-07-19 10:00:00+00:00,22594.75,6944.666667,0.274359158,25310.58333,25747.38979,329.4166667,174.4166667,0,12044.16667,2640.166667,5957.25,0,0,3.58,8088.9205
2024-07-19 11:00:00+00:00,22726.16667,6816.25,0.271306162,25124.33333,25632.06,331.9166667,174.3333333,0,11789.5,2824.833333,5944.916667,0,0,3.62,8226.872335
2024-07-19 12:00:00+00:00,23879.75,6090.416667,0.236364424,25776.66667,26261.53938,338.1666667,174.4166667,0,12025.5,2595.166667,5736.583333,0,0,3.73,8907.14675
2024-07-19 13:00:00+00:00,23537.33333,6859.083333,0.259049422,26460.66667,27042.73917,343.4166667,173.0833333,0,11950.58333,2333.416667,5533.083333,0,0,3.88,9132.485332
2024-07-19 14:00:00+00:00,17891.5,13012.91667,0.480125239,27099,27751.0225,349.4166667,172.3333333,0,9388.666667,2197.75,4504.5,0,0,4.84,8659.486
2024-07-19 15:00:00+00:00,12685.75,17707.58333,0.651231417,27190.33333,28056.75021,352.5833333,171.4166667,0,8273,1596.666667,3161.583333,0,0,5.98,7586.0785
2024-07-19 16:00:00+00:00,10775.66667,19581.75,0.713825417,27430.91667,28161.11521,352.3333333,171.1666667,0,7996.333333,1325.166667,2005.083333,0,0,6.84,7370.556002
2024-07-19 17:00:00+00:00,10491.41667,20462.66667,0.731099272,27989.41667,28674.26583,350.9166667,171.3333333,0,8150.166667,1366.416667,978.8333333,0,0,7.33,7690.208419
2024-07-19 18:00:00+00:00,11194.33333,20858.16667,0.715279299,29164.58333,29760.06875,353,172.1666667,0,8912.333333,1287.916667,361.75,0,0,7.32,8194.251998
2024-07-19 19:00:00+00:00,13239.16667,20769.25,0.669451883,31036.41667,31389.83583,352.6666667,172.9166667,0,10178.33333,1372.5,0,0,0,6.72,8896.720002
2024-07-19 20:00:00+00:00,15208.5,21262.91667,0.642272341,33115,33478.75521,352.75,172.25,0,11515.08333,1762.583333,0,0,0,5.88,8942.598
2024-07-19 21:00:00+00:00,16923.83333,22452.5,0.633645183,35437.83333,35628.41104,348.4166667,168.1666667,0,12778.91667,2355.333333,0,0,0,5.12,8665.002665
2024-07-19 22:00:00+00:00,19080,22822.91667,0.606693594,37628.25,37682.54938,346.75,176.0833333,0,14198.08333,2688.416667,0,0,0,4.58,8738.64
2024-07-19 23:00:00+00:00,21104.5,22651.41667,0.579144055,39123.16667,39480.82042,343.0833333,176.6666667,0,15359.66667,3053.916667,0,0,46.91666667,4.17,8800.5765
2024-07-20 00:00:00+00:00,24028,21415.58333,0.527209591,40637.41667,40865.70896,341.1666667,180,0,16884.83333,3224.416667,0,0,624,3.8,9130.64
2024-07-20 01:00:00+00:00,29500.75,17585.58333,0.424772523,41414.33333,41334.6075,342,176.8333333,0,17790.91667,4093,120,0,3309.333333,3.49,10295.76175
2024-07-20 02:00:00+00:00,36153.41667,10651.16667,0.259844069,40942.91667,40730.6075,343.5,186.9166667,0,19640.66667,4266.416667,2307.833333,0,5703.333333,2.95,10665.25792
2024-07-20 03:00:00+00:00,37041.58333,8553.416667,0.215916061,39626.5,39462.94208,344.4166667,188.0833333,0,19322,4366.833333,2716.916667,0,6059.416667,2.94,10890.2255
2024-07-20 04:00:00+00:00,35271.41667,8673,0.228247295,38001.16667,37784.15979,343.0833333,187,0,18546,4344.833333,3357.416667,0,4533.166667,2.95,10405.06792
2024-07-20 05:00:00+00:00,32768.25,8341.75,0.235969754,35350.25,35319.62229,333.5833333,187.75,0,17737.5,4165,3598.833333,0,2768.5,2.95,9666.63375
2024-07-20 06:00:00+00:00,30319.08333,7446.416667,0.229245619,32490.58333,32672.01188,327.5833333,188.4166667,0,17071.41667,3681.416667,4051.416667,0,1042.5,2.98,9035.086832
2024-07-20 07:00:00+00:00,28321.75,7142,0.234992059,30400.25,30505.22563,326,189.3333333,0,15468.08333,3470.416667,4816.166667,0,506.8333333,3.09,8751.42075
2024-07-20 08:00:00+00:00,26531.58333,6767.416667,0.237808224,28455.5,28566.07458,323.4166667,189,0,14504.83333,3252.583333,4569.833333,0,184.0833333,3.26,8649.296166
2024-07-20 09:00:00+00:00,24984.41667,6527.25,0.24326153,26836.25,27039.77521,323.9166667,189,0,14025,3081.666667,4263.416667,0,0,3.4,8494.701668
2024-07-20 10:00:00+00:00,23968.83333,6189.5,0.241004929,25681.58333,25892.43854,324.0833333,189,0,13457,2883.416667,4033.916667,0,0,3.57,8556.873499
2024-07-20 11:00:00+00:00,23729.33333,6018.75,0.238455093,25240.16667,25296.40417,324.25,188.5833333,0,12884.41667,2912.416667,4086.916667,0,0,3.66,8684.935999
2024-07-20 12:00:00+00:00,23744.75,6204.166667,0.247183443,25099.58333,25167.53021,330.5833333,188.25,0,12886.75,3245.166667,3706.916667,0,0,3.73,8856.79175
2024-07-20 13:00:00+00:00,21999.83333,7724.416667,0.309906784,24941.66667,24855.62396,344.9166667,187.8333333,0,12013.83333,3161.916667,3508.916667,0,0,4.13,9085.931165
2024-07-20 14:00:00+00:00,15133.16667,14039.83333,0.566262576,24801.25,24875.40688,349.25,186.0833333,0,9053.25,2752.166667,2418.166667,0,0,5.44,8232.442668
2024-07-20 15:00:00+00:00,9785,19047.91667,0.76348128,24949.5,24973.51104,348.9166667,186,0,7556.75,2275.833333,1519.5,0,0,6.75,6604.875
2024-07-20 16:00:00+00:00,8069.666667,20730.5,0.824030367,25155.91667,25283.15313,347.0833333,185.5833333,0,7467.5,2042.5,555.75,0,0,7.53,6076.459
2024-07-20 17:00:00+00:00,7638.916667,21730.58333,0.843907179,25751.75,25905.44583,348.75,184.8333333,0,7839.5,2021.333333,0,0,0,7.72,5897.243667
2024-07-20 18:00:00+00:00,8685.333333,21913.16667,0.81060636,27040.41667,26907.53854,350.0833333,185,0,8481.583333,1963.166667,0,0,0,7.33,6366.349333
2024-07-20 19:00:00+00:00,9843.916667,22171.08333,0.778637244,28479.08333,28274.30708,347.9166667,185.9166667,0,9053.416667,1947.666667,0,0,0,6.94,6831.678167
2024-07-20 20:00:00+00:00,11640,22460.41667,0.740263095,30357.16667,29922.18104,348.5,186.3333333,0,9260.333333,2156.5,0,0,0,6.71,7810.44
2024-07-20 21:00:00+00:00,14020.08333,22223.58333,0.686783027,32369.08333,31813.63854,349.0833333,185.5,0,10653.16667,2286.166667,0,0,113.9166667,5.96,8355.969665
2024-07-20 22:00:00+00:00,15858.58333,22683.83333,0.660598939,34345,33709.78146,345.75,186.0833333,0,12037.66667,2610.833333,0,0,189.6666667,5.24,8309.897665
2024-07-20 23:00:00+00:00,17751.83333,23279.75,0.646757195,36005.58333,35443.76792,346.5833333,187.1666667,0,13192.91667,3437.75,0,0,134.75,4.64,8236.850665
2024-07-21 00:00:00+00:00,21334.41667,22071.75,0.585158375,37739.5,36970.02625,348.9166667,187.0833333,0,15346.08333,4083.666667,0,0,252.6666667,4.02,8576.435501
2024-07-21 01:00:00+00:00,27337.16667,17859.41667,0.457824797,39039.58333,37835.91458,323.6666667,188.6666667,0,17234.91667,4662.666667,0,0,2810.166667,3.32,9075.939334
2024-07-21 02:00:00+00:00,34032.5,11309.75,0.290017251,38964.25,37713.21167,323.5833333,188.25,0,18539.83333,4877.333333,279,0,6308.5,3.07,10447.9775
2024-07-21 03:00:00+00:00,34446,9588.333333,0.254192847,37724.75,36771.11979,323.75,188.4166667,0,18618.08333,4804.833333,1268,0,5824.416667,2.95,10161.57
2024-07-21 04:00:00+00:00,33142.16667,9252.5,0.25531435,36241.91667,35388.86229,324.0833333,187.3333333,0,18677.58333,4643,1373.166667,0,4201.583333,2.96,9810.081334
2024-07-21 05:00:00+00:00,30734.25,8768.166667,0.259311434,33808.33333,33151.03021,310.25,187.8333333,0,18226.33333,4181.25,1150.583333,0,2836.333333,2.97,9128.07225
2024-07-21 06:00:00+00:00,28083.58333,8218,0.263058824,31242.58333,30827.17479,304,188.5833333,0,17019.16667,3557,2607.083333,0,681.4166667,2.95,8284.657082
2024-07-21 07:00:00+00:00,26521.58333,7674.916667,0.261275298,29371.83333,29045.89479,298.9166667,188.6666667,0,15005.66667,3338.666667,3963.5,0,216.8333333,3.02,8009.518166
2024-07-21 08:00:00+00:00,24984.5,7160.25,0.260094695,27534,27378.21313,300.5833333,188.1666667,0,14689.16667,3139.333333,3448.25,0,0,3.18,7945.071
2024-07-21 09:00:00+00:00,23681.75,6506.833333,0.250449628,25974.25,25968.48146,300.4166667,188,0,14040.33333,2735.666667,3381.666667,0,0,3.35,7933.38625
2024-07-21 10:00:00+00:00,22902.83333,6168.333333,0.247430636,24926.66667,24970.12646,301.25,188.5833333,0,13448.91667,2669.25,3340.916667,0,0,3.47,7947.283166
2024-07-21 11:00:00+00:00,22366,6142.25,0.25339211,24239.91667,24392.84896,302.25,188.25,0,12469.75,2793.5,3529.75,0,0,3.61,8074.126
2024-07-21 12:00:00+00:00,22164.58333,6034.583333,0.251111224,24032.08333,24027.50771,307.0833333,188,0,11992.16667,2693.75,3658.833333,0,0,3.75,8311.718749
2024-07-21 13:00:00+00:00,20578.66667,7197,0.304895631,23624.91667,23575.96333,323.5833333,187.8333333,0,11010,2660.416667,3340.166667,0,0,4.25,8745.933335
2024-07-21 14:00:00+00:00,14841.75,12255.83333,0.523971885,23401.08333,23382.92458,326.8333333,187,0,7812.5,2206.5,3165.5,0,0,5.49,8148.12075
2024-07-21 15:00:00+00:00,8487.916667,18042,0.777806197,23199.83333,23260.2325,327.0833333,186.6666667,0,6165.25,1845.083333,1790.333333,0,0,7.29,6187.69125
2024-07-21 16:00:00+00:00,6258.333333,19777.08333,0.861223797,22963.83333,23244.23271,326.8333333,186,0,5761,1594,1040.75,0,0,8.44,5282.033333
2024-07-21 17:00:00+00:00,5247.25,20918.5,0.899237584,23260.91667,23579.99958,326.25,185.0833333,0,5804.5,1433.083333,0,0,0,9.68,5079.338
2024-07-21 18:00:00+00:00,5324.083333,21454.58333,0.894305153,23992.16667,24474.06146,324.25,186.1666667,0,6183.416667,1317.416667,0,0,0,9.31,4956.721583
2024-07-21 19:00:00+00:00,6328.25,21691.91667,0.861951533,25172.83333,25908.40208,322,186.75,0,6529.916667,1383.833333,0,0,0,8.79,5562.53175
2024-07-21 20:00:00+00:00,8037.333333,21878.66667,0.814296833,26879.83333,27697.20625,321.5833333,186.8333333,0,6800.166667,1562.75,0,0,0,8.34,6703.136
2024-07-21 21:00:00+00:00,10281.08333,21940.16667,0.75965275,28893.08333,29740.05688,322.75,186.3333333,0,7386.333333,1856.666667,0,0,0,7.61,7823.904414
2024-07-21 22:00:00+00:00,12222.91667,22419.16667,0.723700643,30988.08333,31883.35958,322.8333333,186.4166667,0,9030.583333,2175,0,0,0,6.34,7749.329169
2024-07-21 23:00:00+00:00,13929,23116.58333,0.705454731,32780,33861.78729,322.1666667,187.8333333,0,10538.16667,2773.75,0,0,0,5.36,7465.944
2024-07-22 00:00:00+00:00,18176.66667,21538.75,0.617524155,34902,35660.55875,316.75,188,0,12196.58333,3306.5,0,0,316.4166667,4.55,8270.383335
2024-07-22 01:00:00+00:00,24914.33333,17217.58333,0.470894611,36605.91667,36715.88979,312.5833333,188.5833333,0,14357.41667,3983.583333,854.6666667,0,1714.833333,3.65,9093.731665
2024-07-22 02:00:00+00:00,32121.58333,10893.33333,0.295820729,36806.16667,36668.58063,321.0833333,188.1666667,0,16072.25,4699.666667,2536.833333,0,4721.25,3.1,9957.690832
2024-07-22 03:00:00+00:00,32976.25,9443.666667,0.262129042,36029.25,35941.69563,321.3333333,188,0,16336.66667,4848.333333,2994.25,0,4593.083333,2.99,9859.89875
2024-07-22 04:00:00+00:00,32086.58333,8749.166667,0.250641466,34902.66667,34680.81979,318.5833333,187.4166667,0,15779.75,4373.916667,2739.083333,0,4817.416667,3.13,10043.10058
2024-07-22 05:00:00+00:00,29961.91667,7833.083333,0.240294347,32595.25,32506.92188,296.5,187,0,14829.08333,3659.583333,4141.916667,0,3152.5,2.95,8838.765418
2024-07-22 06:00:00+00:00,27615.16667,7205.5,0.240275337,29980.41667,30118.74792,293.4166667,186.3333333,0,14172.41667,3310.25,5086.916667,0,915.5,2.93,8091.243834
2024-07-22 07:00:00+00:00,26256.08333,6607.416667,0.234361925,28198,28375.10625,293.8333333,186.0833333,0,13209,3166,5705.916667,0,166,3,7876.824999
2024-07-22 08:00:00+00:00,24754.08333,6169.75,0.231949276,26600,26909.31854,288.75,185.75,0,12818.91667,2826.5,5164.666667,0,160.6666667,3.12,7723.273999
2024-07-22 09:00:00+00:00,23888.91667,5792.666667,0.228018761,25400.16667,25752.4575,290.3333333,185,0,12285.83333,2782.333333,5269.5,0,0,3.21,7668.342251
2024-07-22 10:00:00+00:00,23824.58333,5208.25,0.209990569,24799.5,25130.43479,290.75,185.4166667,0,11587.66667,2733,5801.25,0,0,3.25,7742.989582
2024-07-22 11:00:00+00:00,24257.91667,5094.083333,0.204566252,24903.16667,25189.23708,293.5,185.8333333,0,11564.16667,2944.25,5833.333333,0,0,3.24,7859.565001
2024-07-22 12:00:00+00:00,25233.83333,4414,0.171636146,25721.83333,26007.1075,301.1666667,185.0833333,0,11806.75,2415.583333,6258.666667,0,435.5,3.3,8327.164999
2024-07-22 13:00:00+00:00,24927.58333,5716.833333,0.212717322,26816.33333,26999.40563,313.5833333,176.3333333,0,11949.58333,2312,6516.5,0,0,3.39,8450.450749
2024-07-22 14:00:00+00:00,19124.83333,12294.41667,0.441128026,27841.66667,28000.86104,314,165.75,0,10715.75,2075.166667,5042.916667,0,0,3.94,7535.184332
2024-07-22 15:00:00+00:00,14218.33333,17368.16667,0.612640134,28346.41667,28344.43229,311.75,165.75,0,8797.5,1739.666667,4300.75,0,0,4.68,6654.179998
2024-07-22 16:00:00+00:00,12460.58333,19354.91667,0.672790577,28767.25,28471.21708,311,165.8333333,0,8216.083333,1551.583333,3605.25,0,0,5.16,6429.660998
2024-07-22 17:00:00+00:00,12388.16667,20194.5,0.682482288,29591.75,29002.66583,313.6666667,164.0833333,0,8554.25,1492.333333,3133.5,0,0,5.28,6540.952002
2024-07-22 18:00:00+00:00,13176.33333,20345.5,0.663128953,30689.5,30444.23708,313,166.1666667,0,8966.083333,1347.833333,2495,0,0,5.42,7141.572665
2024-07-22 19:00:00+00:00,14700.08333,20734,0.636595189,32580,32294.81458,315,172.9166667,0,9695.666667,1341.916667,2027.5,0,0,5.35,7864.544582
2024-07-22 20:00:00+00:00,16688.08333,20999.91667,0.60648341,34635.33333,34393.19333,317,173.25,0,11234.58333,1543.166667,1025.666667,0,0,5.1,8510.922498
2024-07-22 21:00:00+00:00,19121.83333,21052.58333,0.572984859,36755.75,36516.61896,320.1666667,173.5833333,0,13277.83333,1910.5,368.6666667,0,0,4.59,8776.921498
2024-07-22 22:00:00+00:00,21735,21373.16667,0.545751014,39172.75,38579.06354,319.0833333,173.1666667,0,14634.33333,2424.666667,926.8333333,0,0,3.97,8628.795
2024-07-22 23:00:00+00:00,24597.08333,20936.58333,0.514287276,40722,40591.81063,321.8333333,175.3333333,0,15395.5,3285.416667,1736.25,0,260.8333333,3.54,8707.367499
2024-07-23 00:00:00+00:00,27619.91667,19838.25,0.469132351,42307.66667,42096.51646,321.9166667,177.4166667,0,17540.16667,3617.833333,1449.333333,0,701,3.2,8838.373334
2024-07-23 01:00:00+00:00,32538.83333,16188.08333,0.376751265,42976,42789.88354,321.25,177,0,19068.5,4239.166667,1940.833333,0,3107.166667,2.87,9338.645166
2024-07-23 02:00:00+00:00,37605,10913.33333,0.25702478,42429.41667,42465.11438,322.9166667,177,0,20237.83333,4618,3291.416667,0,5479.083333,2.59,9739.695
2024-07-23 03:00:00+00:00,37363.33333,9682.833333,0.236062462,41024.33333,41282.7275,320,177.75,0,19559.25,4548.666667,3956.916667,0,5350.583333,2.58,9639.739999
2024-07-23 04:00:00+00:00,35736.83333,9749.833333,0.247686528,39376.75,39529.52125,322.4166667,178.3333333,0,18520.41667,4630.916667,4732,0,3434,2.61,9327.313499
2024-07-23 05:00:00+00:00,32830.58333,9093.25,0.250872645,36245.66667,36575.66125,310,168.1666667,0,16794.16667,4192.5,4809.583333,0,2516.333333,2.71,8897.088082
2024-07-23 06:00:00+00:00,30071.58333,8272.5,0.249967556,33079.08333,33412.85729,292.3333333,160,0,15706.41667,3788.75,5427.666667,0,807.8333333,2.65,7968.969582
2024-07-23 07:00:00+00:00,28353.25,7442.333333,0.24072435,30915.58333,30645.60667,286.5833333,160.1666667,0,14762.75,3407.75,5747.5,0,233,2.71,7683.73075
2024-07-23 08:00:00+00:00,27140.16667,6544.583333,0.224826495,29091.91667,28742.9475,288.4166667,161.4166667,0,14035.33333,3121.416667,5940.25,0,0,2.82,7653.527001
2024-07-23 09:00:00+00:00,26307.58333,5588.833333,0.202169689,27638.58333,27336.15333,290.5833333,161.75,0,13899.58333,2795.5,6370.333333,0,0,2.84,7471.353666
2024-07-23 10:00:00+00:00,25810,5269.666667,0.19649257,26817.41667,26539.64708,289.9166667,160.5,0,13983.41667,2790.333333,6023.916667,0,0,2.87,7407.47
2024-07-23 11:00:00+00:00,25891.08333,5185.416667,0.194484033,26663,26487.71563,292.5833333,160,0,14051.41667,2938.75,5664.416667,0,0,2.91,7534.305249
2024-07-23 12:00:00+00:00,26879.33333,5098.25,0.185920974,27427.66667,27175.67396,298.5,159.75,0,14173.16667,3067.75,5644.083333,0,0,2.94,7902.523999
2024-07-23 13:00:00+00:00,26819.75,6246.666667,0.219366079,28439.41667,28118.93021,311.75,159,0,14334.08333,3131.166667,5561.5,0,0,3.05,8180.02375
2024-07-23 14:00:00+00:00,21264.66667,12692.83333,0.430957562,29414.25,28989.77125,315.5,159.4166667,0,13670.58333,3041.833333,3691.666667,0,0,3.48,7400.104001
2024-07-23 15:00:00+00:00,16616.83333,17575.16667,0.585029136,30038.25,29360.45833,312.8333333,158.75,0,12864.25,2658.25,2586.833333,0,0,3.87,6430.714499
2024-07-23 16:00:00+00:00,15369.66667,19205.83333,0.626016389,30677.91667,29656.04833,312.75,158.75,0,12504.83333,2405.333333,1906.833333,0,0,4.16,6393.781335
2024-07-23 17:00:00+00:00,15482.16667,20055.5,0.631579906,31755.08333,30334.24375,312.9166667,159.1666667,0,13155,2294.833333,1132.416667,0,0,4.22,6533.474335
2024-07-23 18:00:00+00:00,16114.25,20828.33333,0.625657071,33296.58333,31653.53896,313.5833333,159,0,13747,2155.25,0,0,0,4.4,7090.27
2024-07-23 19:00:00+00:00,17924.83333,21184.08333,0.598755842,35390.08333,33486.93958,313.1666667,160.25,0,14471.08333,2221.083333,0,0,0,4.2,7528.429999
2024-07-23 20:00:00+00:00,20596.83333,20939.5,0.557739845,37563.5,35538.45708,313.8333333,160.0833333,0,14902.41667,2475.25,0,0,76.33333333,4.04,8321.120665
2024-07-23 21:00:00+00:00,23821.41667,20333.58333,0.512191544,39717.25,37705.29354,310.1666667,159.0833333,0,16751.08333,2943.833333,0,0,1191.666667,3.54,8432.781501
2024-07-23 22:00:00+00:00,27282.16667,19438.33333,0.466421921,41690.91667,39681.95333,311.0833333,158.0833333,0,18431.41667,3524.666667,0,0,1732.75,3.19,8703.011168
2024-07-23 23:00:00+00:00,28645.33333,19798.33333,0.461860552,42860.91667,41050.40375,311.8333333,159.4166667,0,20015.83333,4080.916667,0,0,1237.416667,2.92,8364.437332
2024-07-24 00:00:00+00:00,31396.91667,18614.16667,0.42222469,44111.16667,42307.55771,309.6666667,159.75,0,21252.08333,4371.25,0,0,1953.416667,2.73,8571.358251
2024-07-24 01:00:00+00:00,37158.5,13861.16667,0.311128382,44549.75,42973.01063,310.5833333,157.9166667,0,22360.5,4933.75,874.9166667,0,4262.416667,2.49,9252.4665
2024-07-24 02:00:00+00:00,40382.41667,9196.916667,0.211293876,43476.41667,42623.39708,312.9166667,159.6666667,0,22454,4564.583333,3482.75,0,5446.25,2.32,9368.720667
2024-07-24 03:00:00+00:00,40303.75,7912.833333,0.187396205,42229.83333,41362.85042,313.5,156.6666667,0,22610.41667,4509.25,4075.416667,0,4983.666667,2.28,9189.255
2024-07-24 04:00:00+00:00,39043.08333,7761,0.190478431,40745.33333,39524.22771,315.75,161.3333333,0,22616.25,4585.75,5350,0,2464.833333,2.2,8589.478333
2024-07-24 05:00:00+00:00,36135.91667,7481.166667,0.198388723,37743.58333,36636.97271,301.5,162.9166667,0,21718.16667,4388,5638.666667,0,404.3333333,2.15,7769.222084
2024-07-24 06:00:00+00:00,32759.16667,7743.583333,0.223801083,34623.25,33713.26667,297.1666667,163.8333333,0,18710.5,4369.666667,5814.75,0,0,2.33,7632.885834
2024-07-24 07:00:00+00:00,30321.66667,7581.583333,0.234308232,32370.83333,31505.78042,292.5,163.0833333,0,16918.25,4030.333333,5531.583333,0,0,2.5,7580.416668
2024-07-24 08:00:00+00:00,28055.5,7385.416667,0.24342267,30340.83333,29730.975,291.6666667,163.0833333,0,15519.66667,3599.333333,5681.916667,0,0,2.66,7462.763
2024-07-24 09:00:00+00:00,26607.75,6949.833333,0.240933577,28840,28354.70917,299.6666667,163,0,14966.91667,3208.416667,5153.083333,0,0,2.9,7716.2475
2024-07-24 10:00:00+00:00,25644.33333,6755.833333,0.243130371,27788.16667,27473.66375,301.5,162.9166667,0,14830.33333,3100.583333,4714.166667,0,0,3,7693.299999
2024-07-24 11:00:00+00:00,25432.66667,6512.083333,0.237255195,27448.08333,27210.39146,304.3333333,162.1666667,0,14791.25,2984,4253.916667,0,0,3.11,7909.559334
2024-07-24 12:00:00+00:00,26333.5,5983,0.212842408,28113,27821.19375,310.4166667,161.25,0,14990.25,2683.083333,4365,0,208,3.17,8347.7195
2024-07-24 13:00:00+00:00,26972.41667,6200.166667,0.212078104,29219.41667,28753.87396,320.6666667,156,0,15302.91667,2428.833333,5275.666667,0,0,3.14,8469.338834
2024-07-24 14:00:00+00:00,23424,10442.83333,0.344434932,30287.5,29527.68979,324.1666667,158.9166667,0,15021.33333,2049.833333,4610.75,0,0,3.36,7870.464
2024-07-24 15:00:00+00:00,18791.08333,15359.16667,0.496518502,30922.41667,29760.24021,327.25,167.8333333,0,14530.5,1690,3170.25,0,0,3.78,7103.029499
2024-07-24 16:00:00+00:00,16144.16667,18395.33333,0.586262457,31373.66667,29984.25979,325.6666667,169,0,13997,1603.083333,1746.666667,0,0,4.2,6780.550001
2024-07-24 17:00:00+00:00,15536.25,20224.91667,0.621909295,32519.16667,30633.1075,325.5833333,168.6666667,0,14090.25,1674.416667,702.8333333,0,0,4.41,6851.48625
2024-07-24 18:00:00+00:00,15915.5,20584.5,0.611338413,33677.41667,31922.25667,330.4166667,169.0833333,0,14274.33333,1252.083333,449.1666667,0,0,4.61,7337.0455
2024-07-24 19:00:00+00:00,17655.66667,20954.16667,0.583899811,35898.5,33735.855,334.0833333,168.6666667,0,14508.66667,1139.583333,0,0,0,4.76,8404.097335
2024-07-24 20:00:00+00:00,19556.08333,21635.66667,0.567806709,38112.75,35871.16688,327.25,170,0,15609.58333,1543.583333,0,0,0,4.26,8330.891499
2024-07-24 21:00:00+00:00,22059.58333,21700.66667,0.544709028,39853,38011.94479,334.25,170.0833333,0,16850.91667,2368.666667,0,0,0,3.9,8603.237499
2024-07-24 22:00:00+00:00,25426.16667,20399.58333,0.489931998,41649.58333,40049.45063,334.6666667,169.1666667,0,19013.66667,2646,0,0,0,3.47,8822.879834
2024-07-24 23:00:00+00:00,27822.91667,19427.33333,0.453614306,42838.16667,41536.09479,333.8333333,167.8333333,0,19594,2866.166667,1095.416667,0,0,3.19,8875.510418
2024-07-25 00:00:00+00:00,30441.08333,18428.58333,0.418985967,43988.83333,42865.52625,329.6666667,169,0,20535,3324.666667,687.75,0,1884.416667,3.03,9223.648249
2024-07-25 01:00:00+00:00,34215.16667,15832.08333,0.356950106,44351.58333,43472.00063,332.4166667,169.0833333,0,22077.33333,4128.916667,0,0,4082.75,2.86,9785.537668
2024-07-25 02:00:00+00:00,38918.58333,10509.08333,0.24144619,43490.66667,43134.57313,332.9166667,169,0,22577.33333,4365.916667,1475.75,0,6026.416667,2.65,10313.42458
2024-07-25 03:00:00+00:00,39289.5,9021,0.213944224,42168.41667,41874.49458,331.5,168.9166667,0,22606.16667,4591.5,1139.083333,0,6006.416667,2.64,10372.428
2024-07-25 04:00:00+00:00,37974.83333,9038.833333,0.22191318,40737.41667,40077.80833,333.5,168.75,0,22186.83333,4712,2435.083333,0,3843.166667,2.57,9759.532166
2024-07-25 05:00:00+00:00,34782.91667,8604.25,0.229040423,37588.08333,37065.82396,323.1666667,168.0833333,0,20532,4268.333333,4560.75,0,1025,2.49,8660.946251
2024-07-25 06:00:00+00:00,31150.25,9023.916667,0.263309577,34310.16667,33997.42438,316.75,168.9166667,0,17828.5,4334.333333,5147.833333,0,0,2.62,8161.3655
2024-07-25 07:00:00+00:00,28752.16667,8845.666667,0.275388921,32118.33333,31808.45042,312.5,167.9166667,0,15754.41667,3967.416667,5313.333333,0,0,2.82,8108.111001
2024-07-25 08:00:00+00:00,26951.08333,8307.75,0.275357027,30175.91667,29953.71458,315.75,168,0,15149.58333,3568.916667,4684.75,0,0,3.04,8193.129332
2024-07-25 09:00:00+00:00,25449.41667,7718.916667,0.271008814,28480.58333,28519.28313,313.3333333,168,0,14649.75,3159.25,4580.083333,0,0,3.15,8016.566251
2024-07-25 10:00:00+00:00,24951.58333,7203.083333,0.261984718,27491.66667,27562.65333,309.6666667,168,0,14292.91667,3130.25,4487.5,0,0,3.18,7934.603499
2024-07-25 11:00:00+00:00,25085.5,6902.333333,0.253066728,27274.83333,27347.49021,311.5833333,168.5833333,0,14047.41667,3181,4336.916667,0,0,3.25,8152.7875
2024-07-25 12:00:00+00:00,25829.58333,6814.75,0.244337335,27894.25,27902.76271,319.75,168.1666667,0,14192.08333,3210.583333,4509.666667,0,0,3.28,8472.103332
2024-07-25 13:00:00+00:00,25767.41667,7926.333333,0.275403169,28753.66667,28807.33833,335.75,167.25,0,14482.58333,3386.416667,2955.083333,0,574.1666667,3.62,9327.804835
2024-07-25 14:00:00+00:00,20941.91667,13371.91667,0.448474564,29794.58333,29627.85979,335.9166667,166.8333333,0,13719.91667,2970,2208.666667,0,0,3.98,8334.882835
2024-07-25 15:00:00+00:00,16492.41667,18153.25,0.600563345,30224.5,29953.18375,335.5,167,0,12889,2874.416667,1956.916667,0,0,4.23,6976.292251
2024-07-25 16:00:00+00:00,14757.25,19961.41667,0.647333599,30832.41667,30254.60792,334.3333333,165.8333333,0,12403.58333,2348.583333,1754.083333,0,0,4.52,6670.277
2024-07-25 17:00:00+00:00,14217.16667,21830.25,0.678729041,32162.41667,30991.69958,334.5833333,165.8333333,0,12780.41667,2351.083333,1230.833333,0,0,4.56,6483.028002
2024-07-25 18:00:00+00:00,14483.5,22693.41667,0.677955291,33473.91667,32239.37563,333.6666667,165.4166667,0,12755.25,2204.333333,617.5,0,0,4.77,6908.6295
2024-07-25 19:00:00+00:00,15498.66667,23319.5,0.663090418,35172.91667,33967.61125,332.9166667,166.4166667,0,12755.66667,2178.75,3.666666667,0,0,4.96,7687.338668
2024-07-25 20:00:00+00:00,17025.25,24269.66667,0.657060558,36940.83333,36097.49729,330.5833333,165,0,13063.58333,2890.916667,0,0,0,4.62,7865.6655
2024-07-25 21:00:00+00:00,18827.66667,25081.25,0.642612487,39039.91667,38404.46771,334.25,161.9166667,0,14313.08333,3390.583333,0,0,0,4.22,7945.275335
2024-07-25 22:00:00+00:00,21230,24895,0.606796209,41037.08333,40808.79729,333.0833333,162.25,0,15625.25,3610.666667,0,0,0,3.88,8237.24
2024-07-25 23:00:00+00:00,23784.5,23950.75,0.56005411,42769.75,42522.73563,332.1666667,165,0,17957.16667,3474.833333,0,0,0,3.48,8277.006
2024-07-26 00:00:00+00:00,26842.41667,22950.41667,0.522130284,43968.83333,43704.99563,334.5,165.3333333,0,19480.75,4287.416667,0,0,553,3.17,8509.046084
2024-07-26 01:00:00+00:00,32669,18426.08333,0.412517018,44678.5,44018.175,336.25,168.6666667,0,20841.41667,4874.083333,0,0,3201.416667,2.95,9637.355
2024-07-26 02:00:00+00:00,38245.83333,11556,0.263951231,43710,43277.46354,329.75,169,0,22206.83333,4561.25,992.1666667,0,6201.75,2.68,10249.88333
2024-07-26 03:00:00+00:00,38092.25,10193.5,0.243284344,41909.91667,41925.49667,330.6666667,168.3333333,0,22285.66667,4849.166667,1733.5,0,4974,2.59,9865.89275
2024-07-26 04:00:00+00:00,36177.41667,10258.08333,0.25508217,40223.16667,40127.94,336.0833333,168,0,20912,4678.833333,2768.416667,0,3746.833333,2.68,9695.547668
2024-07-26 05:00:00+00:00,33175.83333,9943,0.267701608,37156.16667,37255.77917,345.0833333,167.75,0,18356.58333,4394.416667,4375.166667,0,1901.916667,2.87,9521.464166
2024-07-26 06:00:00+00:00,30037.5,9718.25,0.285893428,34018.25,34154.64438,341.9166667,167.1666667,0,16320.91667,4147.166667,5117.083333,0,627.75,3.01,9041.2875
2024-07-26 07:00:00+00:00,27469.66667,9413.833333,0.296548995,31752.16667,31106.91833,338,165.25,0,15035,3545.5,4949.75,0,287.4166667,3.23,8872.702334
2024-07-26 08:00:00+00:00,25559.33333,8968.75,0.301851485,29715,29130.72646,340.9166667,165,0,14410.66667,3223.416667,4739.666667,0,0,3.43,8766.851332
2024-07-26 09:00:00+00:00,24156.66667,8543.416667,0.303443998,28159.5,27711.09125,336.5833333,165.5833333,0,13903.58333,2952.666667,4660.916667,0,0,3.52,8503.146668
2024-07-26 10:00:00+00:00,23142.33333,8486.916667,0.31217113,27185.83333,26836.62354,340.1666667,165.1666667,0,13693.5,2851,4267,0,0,3.67,8493.236332
2024-07-26 11:00:00+00:00,23073.16667,8006.25,0.298890432,26785.91667,26644.57875,344.6666667,165.1666667,0,13642,2703.083333,4154.166667,0,0,3.77,8698.583835
2024-07-26 12:00:00+00:00,24001.83333,7055.916667,0.25919433,27226.41667,27191.93438,352.1666667,165.25,0,13797.33333,2242.666667,4088.666667,0,148.5833333,3.92,9408.718665
2024-07-26 13:00:00+00:00,23718.91667,8333.75,0.297821884,27965.08333,27917.76854,359.6666667,164.0833333,0,13877.91667,2489.5,3350.916667,0,237.1666667,4.09,9701.036918
2024-07-26 14:00:00+00:00,17571.16667,14997.25,0.520859689,28761.33333,28542.97708,363.0833333,164.6666667,0,11534,2204.666667,2314.666667,0,0,5.04,8855.868002
2024-07-26 15:00:00+00:00,12138.33333,20668.41667,0.706488812,29254.33333,28711.17208,361.3333333,164.5,0,9740.5,1955.166667,1690.416667,0,0,5.97,7246.584998
2024-07-26 16:00:00+00:00,10654.41667,22211.83333,0.749684124,29628.08333,28774.73458,359.4166667,165,0,9222.916667,1651.166667,1039,0,0,6.65,7085.187086
2024-07-26 17:00:00+00:00,10376.41667,23159.41667,0.763635009,30326.66667,29280.52313,358.9166667,162.3333333,0,9270.25,1632.916667,366.25,0,0,7,7263.491669
2024-07-26 18:00:00+00:00,10497.5,23880.91667,0.760166809,31416.5,30116.76542,357.5833333,162.75,0,9124.916667,1391.333333,0,0,0,7.45,7820.6375
2024-07-26 19:00:00+00:00,11028.16667,24726.33333,0.754233728,32785.91667,31345.14396,357.5,162.75,0.25,9508.583333,1399.583333,0,0,0,7.21,7951.308169
2024-07-26 20:00:00+00:00,12447.83333,25267.91667,0.732457482,34503.41667,32872.55813,356.0833333,163.9166667,0,10377.25,1625.75,0,0,0,6.54,8140.882998
2024-07-26 21:00:00+00:00,13962.16667,25577.08333,0.707373688,36163.08333,34443.53271,359.4166667,164.5833333,0,11278.83333,1780.833333,0,0,0,6.09,8502.959502
2024-07-26 22:00:00+00:00,15580.08333,25641,0.681977482,37603.58333,35977.98292,346.9166667,166.0833333,0,13092.75,2032.416667,0,0,0,5.1,7945.842498
2024-07-26 23:00:00+00:00,17072.33333,25633.5,0.663195065,38656.33333,37254.34979,342.3333333,166.8333333,0,13655.75,2464.25,0,0,0,4.73,8075.213665
2024-07-27 00:00:00+00:00,19903.66667,24445.5,0.616539581,39657.58333,38424.65042,355.3333333,168.5833333,0,14769.25,3087.666667,0,0,151.75,4.45,8857.131668
2024-07-27 01:00:00+00:00,26105.25,19807.5,0.495713457,39957.08333,39049.25729,351,167.75,0,17035.75,4354.25,0,0,1612.25,3.68,9606.732
2024-07-27 02:00:00+00:00,32732.66667,12556.58333,0.321031668,39070.25,38636.27458,352.4166667,166,0,18640.66667,4619.166667,312,0,5538.833333,3.36,10998.176
2024-07-27 03:00:00+00:00,33412.83333,10515.16667,0.28062468,37474.58333,37713.96083,352.4166667,165,0,18689.33333,4851.916667,960.4166667,0,4837.166667,3.24,10825.758
2024-07-27 04:00:00+00:00,31592.5,10337.83333,0.28899524,35788.08333,36427.11979,351.1666667,163.6666667,0,17567.66667,4542.416667,1988.083333,0,3824.25,3.28,10362.34
2024-07-27 05:00:00+00:00,28471.66667,10166.91667,0.305300952,33310.75,34220.18854,343.8333333,162.75,0,15956,3730.583333,3452.333333,0,1915.583333,3.34,9509.536668
2024-07-27 06:00:00+00:00,25875.33333,9806.833333,0.318840806,30760.91667,31483.79417,336.25,163.3333333,0,14528.75,3325.5,3911.333333,0,951.5833333,3.47,8978.740666
2024-07-27 07:00:00+00:00,24450.83333,9472,0.328203715,28866.5,28796.82521,331.6666667,163.3333333,0,11739.91667,3459.75,4381.833333,0,1242.666667,3.8,9291.316665
2024-07-27 08:00:00+00:00,22853.83333,9101.833333,0.335988755,27088.83333,26941.67438,330.1666667,162.9166667,0,10790.25,3270.166667,4232.5,0,685.0833333,4.04,9232.948665
2024-07-27 09:00:00+00:00,21597.66667,8520.25,0.332252245,25639.75,25648.26625,332.4166667,163.5,0,10083.16667,2878.083333,4477.166667,0,335.0833333,4.26,9200.606001
2024-07-27 10:00:00+00:00,20866.33333,8143.583333,0.330331393,24650.25,24734.44917,331,164.25,0,9827.833333,2757.583333,4259.25,0,139.8333333,4.39,9160.320332
2024-07-27 11:00:00+00:00,20653,7876.833333,0.326147992,24150.41667,24307.47292,331.8333333,163.75,0,9546.333333,2773.333333,4073.083333,0,263,4.52,9335.156
2024-07-27 12:00:00+00:00,20958.91667,7764.75,0.321559758,24147.33333,24196.00479,338,162.5833333,0,9475.5,2963.75,4043.416667,0,399.5,4.58,9599.183835
2024-07-27 13:00:00+00:00,19376.08333,9223,0.384526209,24003.08333,23931.32146,350.1666667,159.1666667,0,8899.666667,2972.833333,3344.166667,0,266.5,5.12,9920.554665
2024-07-27 14:00:00+00:00,11654,16937.16667,0.707485834,23940.5,23680.47042,350.4166667,158,0,4192.333333,3029.666667,2030.416667,0,0,8.26,9626.204
2024-07-27 15:00:00+00:00,5644.916667,22667.08333,0.939842762,24118.5,23315.08563,351.75,158,0,2729.083333,2575.25,1223.166667,0,0,11.5,6491.654167
2024-07-27 16:00:00+00:00,3414,24552,1.029343317,23853.83333,22718.55,346.8333333,157.9166667,0,2622.166667,2504.25,67.5,0,0,14,4779.6
2024-07-27 17:00:00+00:00,2430.75,24983.91667,1.062556413,23513,22533.42625,347.4166667,160.3333333,0,2510.25,2290.25,0,0,0,15.05,3658.27875
2024-07-27 18:00:00+00:00,1901.583333,25626.08333,1.083419957,23652.75,22603.23604,345.5833333,160.4166667,0,2476.333333,2262.75,0,0,0,15.15,2880.898749
2024-07-27 19:00:00+00:00,1641.833333,25986.83333,1.08885208,23867.83333,23286.07729,348.1666667,160.6666667,0,2479.416667,2148.25,0,0,0,15.59,2559.618166
2024-07-27 20:00:00+00:00,2189.5,25763,1.048379857,24579.25,24176.52146,348.6666667,160.4166667,0,2449.083333,1772.166667,0,0,0,16.95,3711.2025
2024-07-27 21:00:00+00:00,3368.583333,25888.58333,1.006820566,25717.5,25565.31771,347.0833333,160.75,0,2910.416667,1944.083333,0,0,0,14.89,5015.820583
2024-07-27 22:00:00+00:00,5160.916667,26202.16667,0.957005983,27392.33333,27151.71313,347.5833333,161,0,3644.416667,2375.916667,0,0,0,12.24,6316.962
2024-07-27 23:00:00+00:00,7263.916667,25899.16667,0.896343378,28907,28943.39563,349.5,161.9166667,0,5022.666667,2662,0,0,0,9.81,7125.90225
2024-07-28 00:00:00+00:00,10988.25,24328.25,0.791695355,30757.58333,30947.3375,354.1666667,163.5833333,0,6158,2961.75,0,0,0,8.45,9285.07125
2024-07-28 01:00:00+00:00,18162.25,18985.91667,0.59147624,32135.5,32479.41167,355.0833333,164,0,8151.916667,3416.083333,1150.916667,0,1635.833333,6.17,11206.10825
2024-07-28 02:00:00+00:00,26151.66667,11608.75,0.35989181,32237.58333,32730.51313,356.1666667,164.1666667,0,10448,3924.666667,2848.416667,0,4762.583333,4.62,12082.07
2024-07-28 03:00:00+00:00,27510.25,9777.666667,0.308242433,31722.16667,32168.02188,351.25,164.0833333,0,10934,3968.333333,3966,0,4559.916667,4.17,11471.77425
2024-07-28 04:00:00+00:00,26987.58333,9311.666667,0.301583688,30867.91667,31179.93729,312.4166667,163.6666667,0,10148.5,3870.416667,5007.166667,0,4103.583333,3.68,9931.430665
2024-07-28 05:00:00+00:00,25398.25,8696.916667,0.298776334,29109.5,29468.50667,298.3333333,163.1666667,0,9543.75,3440.166667,5557.916667,0,3058.583333,3.61,9168.76825
2024-07-28 06:00:00+00:00,23625.25,8320,0.305662501,27225.83333,27574.32271,293.6666667,163.75,0,9449,3179.833333,5853,0,1344.25,3.57,8434.21425
2024-07-28 07:00:00+00:00,22454.25,7767.416667,0.300689112,25830.91667,26070.22688,287.3333333,163.5,0,8909.25,2857.416667,5301.083333,0,1588.166667,3.77,8465.25225
2024-07-28 08:00:00+00:00,21202.41667,7658,0.312173965,24533.08333,24650.07854,287.0833333,162.8333333,0,8269.333333,2791.5,5913.666667,0,547.9166667,3.79,8035.715918
2024-07-28 09:00:00+00:00,20214.33333,7526.083333,0.320111506,23509,23549.33,284.1666667,162.9166667,0,6657.333333,2697.25,6527.5,0,828.4166667,4,8085.733332
2024-07-28 10:00:00+00:00,19689.25,7219,0.316662867,22795.91667,22742.17271,287.4166667,163.1666667,0,6695.25,2574.25,6516.416667,0,541.5,4.07,8013.52475
2024-07-28 11:00:00+00:00,19425.08333,6871.416667,0.306515959,22416.75,22317.91917,291,162.0833333,0,6626.833333,2336.75,6996.75,0,85,4.08,7925.433999
2024-07-28 12:00:00+00:00,19265.58333,7053.333333,0.315716013,22340.25,22161.04854,295.75,161.9166667,0,6316.416667,2430,7169.583333,0,82.16666667,4.15,7995.217082
2024-07-28 13:00:00+00:00,17640.83333,8426.583333,0.382122071,22077.58333,21697.44083,311.6666667,161,0,5935.5,2424.666667,5749.5,0,178,4.92,8679.289998
2024-07-28 14:00:00+00:00,9435.083333,15607.75,0.721381802,21650.16667,21252.44833,314,161.9166667,0,3845.083333,1824.75,3150.166667,0,0,7.77,7331.05975
2024-07-28 15:00:00+00:00,2910.75,20963.75,0.989985009,21183.5,20691.37438,314,162.0833333,0,2375.083333,1127.666667,1170.333333,0,0,14.03,4083.78225
2024-07-28 16:00:00+00:00,555.75,22242.08333,1.088243738,20441.5,20003.59792,310.3333333,161.9166667,0,2232.333333,792.0833333,0,0,0,20.41,1134.28575
2024-07-28 17:00:00+00:00,0,22868.33333,1.138554516,20086.16667,19508.19875,299.5833333,161.75,0,2152.75,756.6666667,0,0,0,20.44,0
2024-07-28 18:00:00+00:00,0,22841.16667,1.141008114,20019.25,19515.34667,294.1666667,162,0,2143.416667,685.6666667,0,0,0,20.59,0
2024-07-28 19:00:00+00:00,60.41666667,22780.58333,1.105002628,20619.33333,20156.81646,289.8333333,162.9166667,0,2182.5,693,0,0,0,20.03,121.014583
2024-07-28 20:00:00+00:00,1051.333333,22954.5,1.055115615,21764.66667,21394.35188,289.5833333,162.75,0,2288.5,719.0833333,0,0,0,19.25,2023.816666
2024-07-28 21:00:00+00:00,2561.75,23777.33333,1.011426254,23514.83333,23133.79667,290.4166667,162,0,2571.666667,1302.25,0,0,0,15.44,3955.342
2024-07-28 22:00:00+00:00,4502.916667,24368.25,0.952108279,25611.83333,25156.34,292,162.1666667,0,3076,1736.833333,0,0,0,12.75,5741.21875
2024-07-28 23:00:00+00:00,6975.75,24629.33333,0.886230127,27813.75,27403.05042,292.25,164,0,4173.5,2267.583333,0,0,0,9.75,6801.35625
2024-07-29 00:00:00+00:00,11060.91667,23526.5,0.775886832,30358.25,29621.67833,293.5,163.4166667,0,5520,2705.416667,0,0,313.9166667,7.77,8594.332253
2024-07-29 01:00:00+00:00,18669.66667,18356.83333,0.571087022,32193.33333,31262.89708,295.25,162.4166667,0,8194.666667,3307.5,791.5833333,0,2435.666667,5.33,9950.932335
2024-07-29 02:00:00+00:00,26669.41667,11144.5,0.343397161,32436.16667,31732.625,292.75,163.6666667,0,10551.83333,3923.75,2328.25,0,5760.083333,3.9,10401.0725
2024-07-29 03:00:00+00:00,27938.33333,9812.333333,0.307823954,31877.08333,31367.13146,289.5833333,162.0833333,0,10760.58333,4439.25,2501.25,0,6250.666667,3.67,10253.36833
2024-07-29 04:00:00+00:00,26924.25,9558.083333,0.308941858,30941.41667,30311.07417,288.3333333,160.75,0,10220.25,4088.333333,3463.083333,0,5440.5,3.64,9800.427
2024-07-29 05:00:00+00:00,25263.91667,8841.416667,0.304290015,29056.08333,28402.64521,274.75,161.9166667,0,9374.916667,3579,5205.416667,0,3472.25,3.4,8589.731668
2024-07-29 06:00:00+00:00,23203.08333,8324.25,0.309785093,26875.16667,26347.69313,266.1666667,162.9166667,0,8860.25,3186.166667,6531.833333,0,1161,3.22,7471.392832
2024-07-29 07:00:00+00:00,21777.5,8304.833333,0.326058517,25471.66667,24780.26792,263,162.8333333,0,8361.916667,3168.166667,6840.25,0,106.3333333,3.22,7012.355
2024-07-29 08:00:00+00:00,20435.75,7976.916667,0.329428192,24217.75,23601.11729,264.1666667,162,0,8002,2778.916667,6764.833333,0,0,3.38,6907.2835
2024-07-29 09:00:00+00:00,19388.16667,7986.25,0.344708951,23172.33333,22828.23208,261.8333333,161.0833333,0,7354.833333,2785.833333,6564,0,0,3.52,6824.634668
2024-07-29 10:00:00+00:00,18928.5,7856.083333,0.347986886,22575.5,22409.19417,261.8333333,160.9166667,0,7132.833333,2790.333333,6124.25,0,0,3.66,6927.831
2024-07-29 11:00:00+00:00,19328.75,7651.5,0.335532985,22809.16667,22636.06521,265.1666667,160.8333333,0,7304.75,2743.916667,6261,0,0,3.64,7035.665
2024-07-29 12:00:00+00:00,20481.83333,7268.5,0.30521736,23815.5,23515.65729,273.4166667,157.3333333,0,7813.083333,2490.583333,6423.5,0,580.5,3.67,7516.832832
2024-07-29 13:00:00+00:00,20113.16667,8464,0.341711535,24745.91667,24546.53208,286.6666667,155.9166667,0,7759.5,2379.583333,6042.666667,0,791.5833333,3.97,7984.927168
2024-07-29 14:00:00+00:00,13374.16667,15697.83333,0.611608339,25636.91667,25168.33479,290.5833333,158.0833333,0,5288.833333,1975.583333,4310.5,0,0,5.56,7436.036669
2024-07-29 15:00:00+00:00,7594.833333,21163.83333,0.822810479,25725.66667,24991.30104,291.4166667,156.75,0,3932.666667,1565.083333,3076.416667,0,0,7.43,5642.961166
2024-07-29 16:00:00+00:00,5873.5,22397.33333,0.883361334,25356.16667,24463.285,292.3333333,148.6666667,0,3683.25,1439.083333,2245.25,0,0,8.61,5057.0835
2024-07-29 17:00:00+00:00,4799.666667,23040.83333,0.926685742,24864.58333,23989.90854,294.0833333,146.9166667,0,3532.583333,1483,1619.5,0,0,9.56,4588.481334
2024-07-29 18:00:00+00:00,4515.333333,23015.41667,0.92292699,24937.58333,23990.33771,297.5833333,146.0833333,0,3661.5,1080,958.6666667,0,0,11.14,5030.081333
2024-07-29 19:00:00+00:00,4769.166667,23477.66667,0.92170783,25474.33333,24420.54979,295.6666667,146.8333333,0,3749.833333,1281.5,0,0,0,12.42,5923.305
2024-07-29 20:00:00+00:00,6153.666667,23510.25,0.873256137,26932.5,25495.33083,299.6666667,148.3333333,0,3920.583333,1252.416667,0,0,0,12.26,7544.395334
2024-07-29 21:00:00+00:00,7726.416667,23923.58333,0.836960894,28591.16667,27090.64063,299.3333333,150.0833333,0,4565.166667,1524.5,0,0,0,10.53,8135.91675
2024-07-29 22:00:00+00:00,9418.25,24112,0.795659462,30315.91667,28992.45833,298.5,152.25,0,5587.333333,1675.916667,0,0,0,8.9,8382.2425
2024-07-29 23:00:00+00:00,11812.25,24143.08333,0.749795754,32209.83333,30794.00938,299.9166667,151.6666667,0,7271.416667,2208.083333,0,0,0,6.95,8209.51375
2024-07-30 00:00:00+00:00,15120.75,23008.5,0.675164276,34101.25,32487.06417,300.25,150.5833333,0,9461.416667,2495.166667,0,0,399.5,5.57,8422.25775
2024-07-30 01:00:00+00:00,21980.16667,18781.83333,0.531978579,35332.58333,33662.96542,298.5,150.0833333,0,11180.75,3899.583333,0,0,3267.333333,4.42,9715.233668
2024-07-30 02:00:00+00:00,29356.66667,12073.58333,0.343420455,35131.08333,33806.98583,300.1666667,150.4166667,0,13681.33333,4767.166667,737.25,0,6250.166667,3.52,10333.54667
2024-07-30 03:00:00+00:00,30143.75,10573.91667,0.308708346,34254.25,33204.93604,298.25,150.0833333,0,13708.66667,4929.583333,1376.583333,0,5973.166667,3.35,10098.15625
2024-07-30 04:00:00+00:00,28910,10145.91667,0.305310225,33230.83333,31930.94875,296.9166667,150.4166667,0,12871.5,4289.5,2551.666667,0,5151.75,3.39,9800.49
2024-07-30 05:00:00+00:00,26804.16667,9630.083333,0.31035909,31039.41667,29773.17208,280.5833333,149.5,0,11855.75,3872.333333,5218.75,0,2044.833333,3.02,8094.858334
2024-07-30 06:00:00+00:00,24195.75,9722.333333,0.339982484,28615.58333,27591.32146,268.4166667,149.9166667,0,10926.08333,3790.166667,5850.916667,0,46,2.94,7113.5505